reference_date,target,horizon,target_end_date,location,output_type,output_type_id,value,mean
2023-01-21,inc hosp,1,2023-01-28,Alabama,quantile,0.025,24,55.0608
2023-01-21,inc hosp,1,2023-01-28,Alabama,quantile,0.25,40,55.0608
2023-01-21,inc hosp,1,2023-01-28,Alabama,quantile,0.5,52,55.0608
2023-01-21,inc hosp,1,2023-01-28,Alabama,quantile,0.75,67,55.0608
2023-01-21,inc hosp,1,2023-01-28,Alabama,quantile,0.975,104,55.0608
2023-01-21,inc hosp,2,2023-02-04,Alabama,quantile,0.025,18,55.1118
2023-01-21,inc hosp,2,2023-02-04,Alabama,quantile,0.25,36,55.1118
2023-01-21,inc hosp,2,2023-02-04,Alabama,quantile,0.5,50,55.1118
2023-01-21,inc hosp,2,2023-02-04,Alabama,quantile,0.75,68,55.1118
2023-01-21,inc hosp,2,2023-02-04,Alabama,quantile,0.975,124,55.1118
2023-01-21,inc hosp,3,2023-02-11,Alabama,quantile,0.025,16,58.5754
2023-01-21,inc hosp,3,2023-02-11,Alabama,quantile,0.25,34,58.5754
2023-01-21,inc hosp,3,2023-02-11,Alabama,quantile,0.5,51,58.5754
2023-01-21,inc hosp,3,2023-02-11,Alabama,quantile,0.75,73,58.5754
2023-01-21,inc hosp,3,2023-02-11,Alabama,quantile,0.975,151,58.5754
2023-01-21,inc hosp,4,2023-02-18,Alabama,quantile,0.025,15,64.4878
2023-01-21,inc hosp,4,2023-02-18,Alabama,quantile,0.25,35,64.4878
2023-01-21,inc hosp,4,2023-02-18,Alabama,quantile,0.5,53,64.4878
2023-01-21,inc hosp,4,2023-02-18,Alabama,quantile,0.75,81,64.4878
2023-01-21,inc hosp,4,2023-02-18,Alabama,quantile,0.975,183,64.4878
2023-01-21,inc hosp,1,2023-01-28,Alaska,quantile,0.025,1,6.9374
2023-01-21,inc hosp,1,2023-01-28,Alaska,quantile,0.25,3,6.9374
2023-01-21,inc hosp,1,2023-01-28,Alaska,quantile,0.5,6,6.9374
2023-01-21,inc hosp,1,2023-01-28,Alaska,quantile,0.75,9,6.9374
2023-01-21,inc hosp,1,2023-01-28,Alaska,quantile,0.975,20,6.9374
2023-01-21,inc hosp,2,2023-02-04,Alaska,quantile,0.025,0,7.431
2023-01-21,inc hosp,2,2023-02-04,Alaska,quantile,0.25,3,7.431
2023-01-21,inc hosp,2,2023-02-04,Alaska,quantile,0.5,6,7.431
2023-01-21,inc hosp,2,2023-02-04,Alaska,quantile,0.75,10,7.431
2023-01-21,inc hosp,2,2023-02-04,Alaska,quantile,0.975,26,7.431
2023-01-21,inc hosp,3,2023-02-11,Alaska,quantile,0.025,0,8.2554
2023-01-21,inc hosp,3,2023-02-11,Alaska,quantile,0.25,3,8.2554
2023-01-21,inc hosp,3,2023-02-11,Alaska,quantile,0.5,6,8.2554
2023-01-21,inc hosp,3,2023-02-11,Alaska,quantile,0.75,10,8.2554
2023-01-21,inc hosp,3,2023-02-11,Alaska,quantile,0.975,34,8.2554
2023-01-21,inc hosp,4,2023-02-18,Alaska,quantile,0.025,0,9.63
2023-01-21,inc hosp,4,2023-02-18,Alaska,quantile,0.25,3,9.63
2023-01-21,inc hosp,4,2023-02-18,Alaska,quantile,0.5,6,9.63
2023-01-21,inc hosp,4,2023-02-18,Alaska,quantile,0.75,12,9.63
2023-01-21,inc hosp,4,2023-02-18,Alaska,quantile,0.975,42,9.63
2023-01-21,inc hosp,1,2023-01-28,Arizona,quantile,0.025,51,102.4458
2023-01-21,inc hosp,1,2023-01-28,Arizona,quantile,0.25,78,102.4458
2023-01-21,inc hosp,1,2023-01-28,Arizona,quantile,0.5,97,102.4458
2023-01-21,inc hosp,1,2023-01-28,Arizona,quantile,0.75,121,102.4458
2023-01-21,inc hosp,1,2023-01-28,Arizona,quantile,0.975,181,102.4458
2023-01-21,inc hosp,2,2023-02-04,Arizona,quantile,0.025,37,99.378
2023-01-21,inc hosp,2,2023-02-04,Arizona,quantile,0.25,67,99.378
2023-01-21,inc hosp,2,2023-02-04,Arizona,quantile,0.5,91,99.378
2023-01-21,inc hosp,2,2023-02-04,Arizona,quantile,0.75,123,99.378
2023-01-21,inc hosp,2,2023-02-04,Arizona,quantile,0.975,209,99.378
2023-01-21,inc hosp,3,2023-02-11,Arizona,quantile,0.025,31,102.2184
2023-01-21,inc hosp,3,2023-02-11,Arizona,quantile,0.25,63,102.2184
2023-01-21,inc hosp,3,2023-02-11,Arizona,quantile,0.5,90,102.2184
2023-01-21,inc hosp,3,2023-02-11,Arizona,quantile,0.75,127,102.2184
2023-01-21,inc hosp,3,2023-02-11,Arizona,quantile,0.975,245,102.2184
2023-01-21,inc hosp,4,2023-02-18,Arizona,quantile,0.025,27,108.387
2023-01-21,inc hosp,4,2023-02-18,Arizona,quantile,0.25,60,108.387
2023-01-21,inc hosp,4,2023-02-18,Arizona,quantile,0.5,91,108.387
2023-01-21,inc hosp,4,2023-02-18,Arizona,quantile,0.75,135,108.387
2023-01-21,inc hosp,4,2023-02-18,Arizona,quantile,0.975,292,108.387
2023-01-21,inc hosp,1,2023-01-28,Arkansas,quantile,0.025,27,58.2842
2023-01-21,inc hosp,1,2023-01-28,Arkansas,quantile,0.25,44,58.2842
2023-01-21,inc hosp,1,2023-01-28,Arkansas,quantile,0.5,55,58.2842
2023-01-21,inc hosp,1,2023-01-28,Arkansas,quantile,0.75,69,58.2842
2023-01-21,inc hosp,1,2023-01-28,Arkansas,quantile,0.975,106,58.2842
2023-01-21,inc hosp,2,2023-02-04,Arkansas,quantile,0.025,20,56.2166
2023-01-21,inc hosp,2,2023-02-04,Arkansas,quantile,0.25,38,56.2166
2023-01-21,inc hosp,2,2023-02-04,Arkansas,quantile,0.5,51,56.2166
2023-01-21,inc hosp,2,2023-02-04,Arkansas,quantile,0.75,69,56.2166
2023-01-21,inc hosp,2,2023-02-04,Arkansas,quantile,0.975,119,56.2166
2023-01-21,inc hosp,3,2023-02-11,Arkansas,quantile,0.025,17,57.2818
2023-01-21,inc hosp,3,2023-02-11,Arkansas,quantile,0.25,35,57.2818
2023-01-21,inc hosp,3,2023-02-11,Arkansas,quantile,0.5,50,57.2818
2023-01-21,inc hosp,3,2023-02-11,Arkansas,quantile,0.75,71,57.2818
2023-01-21,inc hosp,3,2023-02-11,Arkansas,quantile,0.975,138,57.2818
2023-01-21,inc hosp,4,2023-02-18,Arkansas,quantile,0.025,15,60.7052
2023-01-21,inc hosp,4,2023-02-18,Arkansas,quantile,0.25,34,60.7052
2023-01-21,inc hosp,4,2023-02-18,Arkansas,quantile,0.5,51,60.7052
2023-01-21,inc hosp,4,2023-02-18,Arkansas,quantile,0.75,76,60.7052
2023-01-21,inc hosp,4,2023-02-18,Arkansas,quantile,0.975,164,60.7052
2023-01-21,inc hosp,1,2023-01-28,California,quantile,0.025,89,189.0116
2023-01-21,inc hosp,1,2023-01-28,California,quantile,0.25,140,189.0116
2023-01-21,inc hosp,1,2023-01-28,California,quantile,0.5,178,189.0116
2023-01-21,inc hosp,1,2023-01-28,California,quantile,0.75,227,189.0116
2023-01-21,inc hosp,1,2023-01-28,California,quantile,0.975,344,189.0116
2023-01-21,inc hosp,2,2023-02-04,California,quantile,0.025,64,183.005
2023-01-21,inc hosp,2,2023-02-04,California,quantile,0.25,119,183.005
2023-01-21,inc hosp,2,2023-02-04,California,quantile,0.5,164,183.005
2023-01-21,inc hosp,2,2023-02-04,California,quantile,0.75,226,183.005
2023-01-21,inc hosp,2,2023-02-04,California,quantile,0.975,416,183.005
2023-01-21,inc hosp,3,2023-02-11,California,quantile,0.025,51,191.1608
2023-01-21,inc hosp,3,2023-02-11,California,quantile,0.25,111,191.1608
2023-01-21,inc hosp,3,2023-02-11,California,quantile,0.5,162,191.1608
2023-01-21,inc hosp,3,2023-02-11,California,quantile,0.75,239,191.1608
2023-01-21,inc hosp,3,2023-02-11,California,quantile,0.975,497,191.1608
2023-01-21,inc hosp,4,2023-02-18,California,quantile,0.025,43,204.584
2023-01-21,inc hosp,4,2023-02-18,California,quantile,0.25,106,204.584
2023-01-21,inc hosp,4,2023-02-18,California,quantile,0.5,167,204.584
2023-01-21,inc hosp,4,2023-02-18,California,quantile,0.75,259,204.584
2023-01-21,inc hosp,4,2023-02-18,California,quantile,0.975,578,204.584
2023-01-21,inc hosp,1,2023-01-28,Colorado,quantile,0.025,18,40.3838
2023-01-21,inc hosp,1,2023-01-28,Colorado,quantile,0.25,31,40.3838
2023-01-21,inc hosp,1,2023-01-28,Colorado,quantile,0.5,39,40.3838
2023-01-21,inc hosp,1,2023-01-28,Colorado,quantile,0.75,48,40.3838
2023-01-21,inc hosp,1,2023-01-28,Colorado,quantile,0.975,72,40.3838
2023-01-21,inc hosp,2,2023-02-04,Colorado,quantile,0.025,14,39.1794
2023-01-21,inc hosp,2,2023-02-04,Colorado,quantile,0.25,27,39.1794
2023-01-21,inc hosp,2,2023-02-04,Colorado,quantile,0.5,36,39.1794
2023-01-21,inc hosp,2,2023-02-04,Colorado,quantile,0.75,48,39.1794
2023-01-21,inc hosp,2,2023-02-04,Colorado,quantile,0.975,81,39.1794
2023-01-21,inc hosp,3,2023-02-11,Colorado,quantile,0.025,12,40.7472
2023-01-21,inc hosp,3,2023-02-11,Colorado,quantile,0.25,25,40.7472
2023-01-21,inc hosp,3,2023-02-11,Colorado,quantile,0.5,36,40.7472
2023-01-21,inc hosp,3,2023-02-11,Colorado,quantile,0.75,51,40.7472
2023-01-21,inc hosp,3,2023-02-11,Colorado,quantile,0.975,96,40.7472
2023-01-21,inc hosp,4,2023-02-18,Colorado,quantile,0.025,11,43.8152
2023-01-21,inc hosp,4,2023-02-18,Colorado,quantile,0.25,25,43.8152
2023-01-21,inc hosp,4,2023-02-18,Colorado,quantile,0.5,38,43.8152
2023-01-21,inc hosp,4,2023-02-18,Colorado,quantile,0.75,56,43.8152
2023-01-21,inc hosp,4,2023-02-18,Colorado,quantile,0.975,111,43.8152
2023-01-21,inc hosp,1,2023-01-28,Connecticut,quantile,0.025,13,33.8912
2023-01-21,inc hosp,1,2023-01-28,Connecticut,quantile,0.25,24,33.8912
2023-01-21,inc hosp,1,2023-01-28,Connecticut,quantile,0.5,32,33.8912
2023-01-21,inc hosp,1,2023-01-28,Connecticut,quantile,0.75,42,33.8912
2023-01-21,inc hosp,1,2023-01-28,Connecticut,quantile,0.975,67,33.8912
2023-01-21,inc hosp,2,2023-02-04,Connecticut,quantile,0.025,9,31.9932
2023-01-21,inc hosp,2,2023-02-04,Connecticut,quantile,0.25,20,31.9932
2023-01-21,inc hosp,2,2023-02-04,Connecticut,quantile,0.5,28,31.9932
2023-01-21,inc hosp,2,2023-02-04,Connecticut,quantile,0.75,40,31.9932
2023-01-21,inc hosp,2,2023-02-04,Connecticut,quantile,0.975,76,31.9932
2023-01-21,inc hosp,3,2023-02-11,Connecticut,quantile,0.025,7,32.2994
2023-01-21,inc hosp,3,2023-02-11,Connecticut,quantile,0.25,18,32.2994
2023-01-21,inc hosp,3,2023-02-11,Connecticut,quantile,0.5,27,32.2994
2023-01-21,inc hosp,3,2023-02-11,Connecticut,quantile,0.75,41,32.2994
2023-01-21,inc hosp,3,2023-02-11,Connecticut,quantile,0.975,86,32.2994
2023-01-21,inc hosp,4,2023-02-18,Connecticut,quantile,0.025,6,33.0962
2023-01-21,inc hosp,4,2023-02-18,Connecticut,quantile,0.25,16,33.0962
2023-01-21,inc hosp,4,2023-02-18,Connecticut,quantile,0.5,27,33.0962
2023-01-21,inc hosp,4,2023-02-18,Connecticut,quantile,0.75,42,33.0962
2023-01-21,inc hosp,4,2023-02-18,Connecticut,quantile,0.975,100,33.0962
2023-01-21,inc hosp,1,2023-01-28,Delaware,quantile,0.025,1,7.6956
2023-01-21,inc hosp,1,2023-01-28,Delaware,quantile,0.25,5,7.6956
2023-01-21,inc hosp,1,2023-01-28,Delaware,quantile,0.5,7,7.6956
2023-01-21,inc hosp,1,2023-01-28,Delaware,quantile,0.75,10,7.6956
2023-01-21,inc hosp,1,2023-01-28,Delaware,quantile,0.975,18,7.6956
2023-01-21,inc hosp,2,2023-02-04,Delaware,quantile,0.025,1,7.5634
2023-01-21,inc hosp,2,2023-02-04,Delaware,quantile,0.25,4,7.5634
2023-01-21,inc hosp,2,2023-02-04,Delaware,quantile,0.5,7,7.5634
2023-01-21,inc hosp,2,2023-02-04,Delaware,quantile,0.75,10,7.5634
2023-01-21,inc hosp,2,2023-02-04,Delaware,quantile,0.975,20,7.5634
2023-01-21,inc hosp,3,2023-02-11,Delaware,quantile,0.025,1,7.8714
2023-01-21,inc hosp,3,2023-02-11,Delaware,quantile,0.25,4,7.8714
2023-01-21,inc hosp,3,2023-02-11,Delaware,quantile,0.5,6,7.8714
2023-01-21,inc hosp,3,2023-02-11,Delaware,quantile,0.75,10,7.8714
2023-01-21,inc hosp,3,2023-02-11,Delaware,quantile,0.975,23,7.8714
2023-01-21,inc hosp,4,2023-02-18,Delaware,quantile,0.025,1,8.6084
2023-01-21,inc hosp,4,2023-02-18,Delaware,quantile,0.25,4,8.6084
2023-01-21,inc hosp,4,2023-02-18,Delaware,quantile,0.5,7,8.6084
2023-01-21,inc hosp,4,2023-02-18,Delaware,quantile,0.75,11,8.6084
2023-01-21,inc hosp,4,2023-02-18,Delaware,quantile,0.975,27,8.6084
2023-01-21,inc hosp,1,2023-01-28,District of Columbia,quantile,0.025,1,5.648
2023-01-21,inc hosp,1,2023-01-28,District of Columbia,quantile,0.25,3,5.648
2023-01-21,inc hosp,1,2023-01-28,District of Columbia,quantile,0.5,5,5.648
2023-01-21,inc hosp,1,2023-01-28,District of Columbia,quantile,0.75,8,5.648
2023-01-21,inc hosp,1,2023-01-28,District of Columbia,quantile,0.975,14,5.648
2023-01-21,inc hosp,2,2023-02-04,District of Columbia,quantile,0.025,0,5.4012
2023-01-21,inc hosp,2,2023-02-04,District of Columbia,quantile,0.25,3,5.4012
2023-01-21,inc hosp,2,2023-02-04,District of Columbia,quantile,0.5,5,5.4012
2023-01-21,inc hosp,2,2023-02-04,District of Columbia,quantile,0.75,7,5.4012
2023-01-21,inc hosp,2,2023-02-04,District of Columbia,quantile,0.975,16,5.4012
2023-01-21,inc hosp,3,2023-02-11,District of Columbia,quantile,0.025,0,5.5316
2023-01-21,inc hosp,3,2023-02-11,District of Columbia,quantile,0.25,2,5.5316
2023-01-21,inc hosp,3,2023-02-11,District of Columbia,quantile,0.5,4,5.5316
2023-01-21,inc hosp,3,2023-02-11,District of Columbia,quantile,0.75,7,5.5316
2023-01-21,inc hosp,3,2023-02-11,District of Columbia,quantile,0.975,18,5.5316
2023-01-21,inc hosp,4,2023-02-18,District of Columbia,quantile,0.025,0,5.8196
2023-01-21,inc hosp,4,2023-02-18,District of Columbia,quantile,0.25,2,5.8196
2023-01-21,inc hosp,4,2023-02-18,District of Columbia,quantile,0.5,4,5.8196
2023-01-21,inc hosp,4,2023-02-18,District of Columbia,quantile,0.75,8,5.8196
2023-01-21,inc hosp,4,2023-02-18,District of Columbia,quantile,0.975,20,5.8196
2023-01-21,inc hosp,1,2023-01-28,Florida,quantile,0.025,230,515.393
2023-01-21,inc hosp,1,2023-01-28,Florida,quantile,0.25,374,515.393
2023-01-21,inc hosp,1,2023-01-28,Florida,quantile,0.5,484,515.393
2023-01-21,inc hosp,1,2023-01-28,Florida,quantile,0.75,616,515.393
2023-01-21,inc hosp,1,2023-01-28,Florida,quantile,0.975,984,515.393
2023-01-21,inc hosp,2,2023-02-04,Florida,quantile,0.025,164,500.5864
2023-01-21,inc hosp,2,2023-02-04,Florida,quantile,0.25,310,500.5864
2023-01-21,inc hosp,2,2023-02-04,Florida,quantile,0.5,441,500.5864
2023-01-21,inc hosp,2,2023-02-04,Florida,quantile,0.75,622,500.5864
2023-01-21,inc hosp,2,2023-02-04,Florida,quantile,0.975,1196,500.5864
2023-01-21,inc hosp,3,2023-02-11,Florida,quantile,0.025,126,510.8612
2023-01-21,inc hosp,3,2023-02-11,Florida,quantile,0.25,278,510.8612
2023-01-21,inc hosp,3,2023-02-11,Florida,quantile,0.5,419,510.8612
2023-01-21,inc hosp,3,2023-02-11,Florida,quantile,0.75,630,510.8612
2023-01-21,inc hosp,3,2023-02-11,Florida,quantile,0.975,1437,510.8612
2023-01-21,inc hosp,4,2023-02-18,Florida,quantile,0.025,107,547.5608
2023-01-21,inc hosp,4,2023-02-18,Florida,quantile,0.25,259,547.5608
2023-01-21,inc hosp,4,2023-02-18,Florida,quantile,0.5,423,547.5608
2023-01-21,inc hosp,4,2023-02-18,Florida,quantile,0.75,675,547.5608
2023-01-21,inc hosp,4,2023-02-18,Florida,quantile,0.975,1807,547.5608
2023-01-21,inc hosp,1,2023-01-28,Georgia,quantile,0.025,33,72.9364
2023-01-21,inc hosp,1,2023-01-28,Georgia,quantile,0.25,55,72.9364
2023-01-21,inc hosp,1,2023-01-28,Georgia,quantile,0.5,69,72.9364
2023-01-21,inc hosp,1,2023-01-28,Georgia,quantile,0.75,87,72.9364
2023-01-21,inc hosp,1,2023-01-28,Georgia,quantile,0.975,136,72.9364
2023-01-21,inc hosp,2,2023-02-04,Georgia,quantile,0.025,25,72.2832
2023-01-21,inc hosp,2,2023-02-04,Georgia,quantile,0.25,48,72.2832
2023-01-21,inc hosp,2,2023-02-04,Georgia,quantile,0.5,66,72.2832
2023-01-21,inc hosp,2,2023-02-04,Georgia,quantile,0.75,89,72.2832
2023-01-21,inc hosp,2,2023-02-04,Georgia,quantile,0.975,156,72.2832
2023-01-21,inc hosp,3,2023-02-11,Georgia,quantile,0.025,22,76.7866
2023-01-21,inc hosp,3,2023-02-11,Georgia,quantile,0.25,46,76.7866
2023-01-21,inc hosp,3,2023-02-11,Georgia,quantile,0.5,67,76.7866
2023-01-21,inc hosp,3,2023-02-11,Georgia,quantile,0.75,96,76.7866
2023-01-21,inc hosp,3,2023-02-11,Georgia,quantile,0.975,187,76.7866
2023-01-21,inc hosp,4,2023-02-18,Georgia,quantile,0.025,20,84.0778
2023-01-21,inc hosp,4,2023-02-18,Georgia,quantile,0.25,46,84.0778
2023-01-21,inc hosp,4,2023-02-18,Georgia,quantile,0.5,70,84.0778
2023-01-21,inc hosp,4,2023-02-18,Georgia,quantile,0.75,106,84.0778
2023-01-21,inc hosp,4,2023-02-18,Georgia,quantile,0.975,230,84.0778
2023-01-21,inc hosp,1,2023-01-28,Hawaii,quantile,0.025,0,2.5846
2023-01-21,inc hosp,1,2023-01-28,Hawaii,quantile,0.25,1,2.5846
2023-01-21,inc hosp,1,2023-01-28,Hawaii,quantile,0.5,2,2.5846
2023-01-21,inc hosp,1,2023-01-28,Hawaii,quantile,0.75,4,2.5846
2023-01-21,inc hosp,1,2023-01-28,Hawaii,quantile,0.975,9,2.5846
2023-01-21,inc hosp,2,2023-02-04,Hawaii,quantile,0.025,0,2.6848
2023-01-21,inc hosp,2,2023-02-04,Hawaii,quantile,0.25,1,2.6848
2023-01-21,inc hosp,2,2023-02-04,Hawaii,quantile,0.5,2,2.6848
2023-01-21,inc hosp,2,2023-02-04,Hawaii,quantile,0.75,4,2.6848
2023-01-21,inc hosp,2,2023-02-04,Hawaii,quantile,0.975,11,2.6848
2023-01-21,inc hosp,3,2023-02-11,Hawaii,quantile,0.025,0,2.882
2023-01-21,inc hosp,3,2023-02-11,Hawaii,quantile,0.25,1,2.882
2023-01-21,inc hosp,3,2023-02-11,Hawaii,quantile,0.5,2,2.882
2023-01-21,inc hosp,3,2023-02-11,Hawaii,quantile,0.75,4,2.882
2023-01-21,inc hosp,3,2023-02-11,Hawaii,quantile,0.975,12,2.882
2023-01-21,inc hosp,4,2023-02-18,Hawaii,quantile,0.025,0,3.2208
2023-01-21,inc hosp,4,2023-02-18,Hawaii,quantile,0.25,1,3.2208
2023-01-21,inc hosp,4,2023-02-18,Hawaii,quantile,0.5,2,3.2208
2023-01-21,inc hosp,4,2023-02-18,Hawaii,quantile,0.75,4,3.2208
2023-01-21,inc hosp,4,2023-02-18,Hawaii,quantile,0.975,15,3.2208
2023-01-21,inc hosp,1,2023-01-28,Idaho,quantile,0.025,11,27.257
2023-01-21,inc hosp,1,2023-01-28,Idaho,quantile,0.25,20,27.257
2023-01-21,inc hosp,1,2023-01-28,Idaho,quantile,0.5,26,27.257
2023-01-21,inc hosp,1,2023-01-28,Idaho,quantile,0.75,33,27.257
2023-01-21,inc hosp,1,2023-01-28,Idaho,quantile,0.975,52,27.257
2023-01-21,inc hosp,2,2023-02-04,Idaho,quantile,0.025,8,24.6944
2023-01-21,inc hosp,2,2023-02-04,Idaho,quantile,0.25,16,24.6944
2023-01-21,inc hosp,2,2023-02-04,Idaho,quantile,0.5,22,24.6944
2023-01-21,inc hosp,2,2023-02-04,Idaho,quantile,0.75,31,24.6944
2023-01-21,inc hosp,2,2023-02-04,Idaho,quantile,0.975,54,24.6944
2023-01-21,inc hosp,3,2023-02-11,Idaho,quantile,0.025,6,24.1172
2023-01-21,inc hosp,3,2023-02-11,Idaho,quantile,0.25,14,24.1172
2023-01-21,inc hosp,3,2023-02-11,Idaho,quantile,0.5,21,24.1172
2023-01-21,inc hosp,3,2023-02-11,Idaho,quantile,0.75,30,24.1172
2023-01-21,inc hosp,3,2023-02-11,Idaho,quantile,0.975,58,24.1172
2023-01-21,inc hosp,4,2023-02-18,Idaho,quantile,0.025,5,24.3972
2023-01-21,inc hosp,4,2023-02-18,Idaho,quantile,0.25,13,24.3972
2023-01-21,inc hosp,4,2023-02-18,Idaho,quantile,0.5,20,24.3972
2023-01-21,inc hosp,4,2023-02-18,Idaho,quantile,0.75,31,24.3972
2023-01-21,inc hosp,4,2023-02-18,Idaho,quantile,0.975,67,24.3972
2023-01-21,inc hosp,1,2023-01-28,Illinois,quantile,0.025,32,66.016
2023-01-21,inc hosp,1,2023-01-28,Illinois,quantile,0.25,50,66.016
2023-01-21,inc hosp,1,2023-01-28,Illinois,quantile,0.5,63,66.016
2023-01-21,inc hosp,1,2023-01-28,Illinois,quantile,0.75,79,66.016
2023-01-21,inc hosp,1,2023-01-28,Illinois,quantile,0.975,119,66.016
2023-01-21,inc hosp,2,2023-02-04,Illinois,quantile,0.025,24,62.9398
2023-01-21,inc hosp,2,2023-02-04,Illinois,quantile,0.25,43,62.9398
2023-01-21,inc hosp,2,2023-02-04,Illinois,quantile,0.5,58,62.9398
2023-01-21,inc hosp,2,2023-02-04,Illinois,quantile,0.75,77,62.9398
2023-01-21,inc hosp,2,2023-02-04,Illinois,quantile,0.975,134,62.9398
2023-01-21,inc hosp,3,2023-02-11,Illinois,quantile,0.025,20,64.1086
2023-01-21,inc hosp,3,2023-02-11,Illinois,quantile,0.25,39,64.1086
2023-01-21,inc hosp,3,2023-02-11,Illinois,quantile,0.5,56,64.1086
2023-01-21,inc hosp,3,2023-02-11,Illinois,quantile,0.75,80,64.1086
2023-01-21,inc hosp,3,2023-02-11,Illinois,quantile,0.975,150,64.1086
2023-01-21,inc hosp,4,2023-02-18,Illinois,quantile,0.025,18,67.1904
2023-01-21,inc hosp,4,2023-02-18,Illinois,quantile,0.25,38,67.1904
2023-01-21,inc hosp,4,2023-02-18,Illinois,quantile,0.5,57,67.1904
2023-01-21,inc hosp,4,2023-02-18,Illinois,quantile,0.75,84,67.1904
2023-01-21,inc hosp,4,2023-02-18,Illinois,quantile,0.975,174,67.1904
2023-01-21,inc hosp,1,2023-01-28,Indiana,quantile,0.025,43,90.1206
2023-01-21,inc hosp,1,2023-01-28,Indiana,quantile,0.25,67,90.1206
2023-01-21,inc hosp,1,2023-01-28,Indiana,quantile,0.5,84,90.1206
2023-01-21,inc hosp,1,2023-01-28,Indiana,quantile,0.75,106,90.1206
2023-01-21,inc hosp,1,2023-01-28,Indiana,quantile,0.975,171,90.1206
2023-01-21,inc hosp,2,2023-02-04,Indiana,quantile,0.025,31,88.5594
2023-01-21,inc hosp,2,2023-02-04,Indiana,quantile,0.25,58,88.5594
2023-01-21,inc hosp,2,2023-02-04,Indiana,quantile,0.5,80,88.5594
2023-01-21,inc hosp,2,2023-02-04,Indiana,quantile,0.75,109,88.5594
2023-01-21,inc hosp,2,2023-02-04,Indiana,quantile,0.975,194,88.5594
2023-01-21,inc hosp,3,2023-02-11,Indiana,quantile,0.025,26,92.9422
2023-01-21,inc hosp,3,2023-02-11,Indiana,quantile,0.25,55,92.9422
2023-01-21,inc hosp,3,2023-02-11,Indiana,quantile,0.5,80,92.9422
2023-01-21,inc hosp,3,2023-02-11,Indiana,quantile,0.75,116,92.9422
2023-01-21,inc hosp,3,2023-02-11,Indiana,quantile,0.975,236,92.9422
2023-01-21,inc hosp,4,2023-02-18,Indiana,quantile,0.025,23,100.325
2023-01-21,inc hosp,4,2023-02-18,Indiana,quantile,0.25,55,100.325
2023-01-21,inc hosp,4,2023-02-18,Indiana,quantile,0.5,83,100.325
2023-01-21,inc hosp,4,2023-02-18,Indiana,quantile,0.75,126,100.325
2023-01-21,inc hosp,4,2023-02-18,Indiana,quantile,0.975,273,100.325
2023-01-21,inc hosp,1,2023-01-28,Iowa,quantile,0.025,17,39.1242
2023-01-21,inc hosp,1,2023-01-28,Iowa,quantile,0.25,29,39.1242
2023-01-21,inc hosp,1,2023-01-28,Iowa,quantile,0.5,37,39.1242
2023-01-21,inc hosp,1,2023-01-28,Iowa,quantile,0.75,47,39.1242
2023-01-21,inc hosp,1,2023-01-28,Iowa,quantile,0.975,73,39.1242
2023-01-21,inc hosp,2,2023-02-04,Iowa,quantile,0.025,13,36.1754
2023-01-21,inc hosp,2,2023-02-04,Iowa,quantile,0.25,24,36.1754
2023-01-21,inc hosp,2,2023-02-04,Iowa,quantile,0.5,33,36.1754
2023-01-21,inc hosp,2,2023-02-04,Iowa,quantile,0.75,45,36.1754
2023-01-21,inc hosp,2,2023-02-04,Iowa,quantile,0.975,78,36.1754
2023-01-21,inc hosp,3,2023-02-11,Iowa,quantile,0.025,10,35.5826
2023-01-21,inc hosp,3,2023-02-11,Iowa,quantile,0.25,22,35.5826
2023-01-21,inc hosp,3,2023-02-11,Iowa,quantile,0.5,31,35.5826
2023-01-21,inc hosp,3,2023-02-11,Iowa,quantile,0.75,45,35.5826
2023-01-21,inc hosp,3,2023-02-11,Iowa,quantile,0.975,84,35.5826
2023-01-21,inc hosp,4,2023-02-18,Iowa,quantile,0.025,8,36.4638
2023-01-21,inc hosp,4,2023-02-18,Iowa,quantile,0.25,20,36.4638
2023-01-21,inc hosp,4,2023-02-18,Iowa,quantile,0.5,31,36.4638
2023-01-21,inc hosp,4,2023-02-18,Iowa,quantile,0.75,46,36.4638
2023-01-21,inc hosp,4,2023-02-18,Iowa,quantile,0.975,97,36.4638
2023-01-21,inc hosp,1,2023-01-28,Kansas,quantile,0.025,15,35.2538
2023-01-21,inc hosp,1,2023-01-28,Kansas,quantile,0.25,25,35.2538
2023-01-21,inc hosp,1,2023-01-28,Kansas,quantile,0.5,33,35.2538
2023-01-21,inc hosp,1,2023-01-28,Kansas,quantile,0.75,43,35.2538
2023-01-21,inc hosp,1,2023-01-28,Kansas,quantile,0.975,67,35.2538
2023-01-21,inc hosp,2,2023-02-04,Kansas,quantile,0.025,10,33.8094
2023-01-21,inc hosp,2,2023-02-04,Kansas,quantile,0.25,22,33.8094
2023-01-21,inc hosp,2,2023-02-04,Kansas,quantile,0.5,31,33.8094
2023-01-21,inc hosp,2,2023-02-04,Kansas,quantile,0.75,42,33.8094
2023-01-21,inc hosp,2,2023-02-04,Kansas,quantile,0.975,77,33.8094
2023-01-21,inc hosp,3,2023-02-11,Kansas,quantile,0.025,8,34.6824
2023-01-21,inc hosp,3,2023-02-11,Kansas,quantile,0.25,20,34.6824
2023-01-21,inc hosp,3,2023-02-11,Kansas,quantile,0.5,30,34.6824
2023-01-21,inc hosp,3,2023-02-11,Kansas,quantile,0.75,44,34.6824
2023-01-21,inc hosp,3,2023-02-11,Kansas,quantile,0.975,89,34.6824
2023-01-21,inc hosp,4,2023-02-18,Kansas,quantile,0.025,7,36.3254
2023-01-21,inc hosp,4,2023-02-18,Kansas,quantile,0.25,19,36.3254
2023-01-21,inc hosp,4,2023-02-18,Kansas,quantile,0.5,30,36.3254
2023-01-21,inc hosp,4,2023-02-18,Kansas,quantile,0.75,46,36.3254
2023-01-21,inc hosp,4,2023-02-18,Kansas,quantile,0.975,101,36.3254
2023-01-21,inc hosp,1,2023-01-28,Kentucky,quantile,0.025,14,32.2514
2023-01-21,inc hosp,1,2023-01-28,Kentucky,quantile,0.25,24,32.2514
2023-01-21,inc hosp,1,2023-01-28,Kentucky,quantile,0.5,31,32.2514
2023-01-21,inc hosp,1,2023-01-28,Kentucky,quantile,0.75,39,32.2514
2023-01-21,inc hosp,1,2023-01-28,Kentucky,quantile,0.975,58,32.2514
2023-01-21,inc hosp,2,2023-02-04,Kentucky,quantile,0.025,11,31.4772
2023-01-21,inc hosp,2,2023-02-04,Kentucky,quantile,0.25,21,31.4772
2023-01-21,inc hosp,2,2023-02-04,Kentucky,quantile,0.5,29,31.4772
2023-01-21,inc hosp,2,2023-02-04,Kentucky,quantile,0.75,39,31.4772
2023-01-21,inc hosp,2,2023-02-04,Kentucky,quantile,0.975,68,31.4772
2023-01-21,inc hosp,3,2023-02-11,Kentucky,quantile,0.025,9,33.019
2023-01-21,inc hosp,3,2023-02-11,Kentucky,quantile,0.25,21,33.019
2023-01-21,inc hosp,3,2023-02-11,Kentucky,quantile,0.5,29,33.019
2023-01-21,inc hosp,3,2023-02-11,Kentucky,quantile,0.75,41,33.019
2023-01-21,inc hosp,3,2023-02-11,Kentucky,quantile,0.975,77,33.019
2023-01-21,inc hosp,4,2023-02-18,Kentucky,quantile,0.025,9,35.4354
2023-01-21,inc hosp,4,2023-02-18,Kentucky,quantile,0.25,21,35.4354
2023-01-21,inc hosp,4,2023-02-18,Kentucky,quantile,0.5,31,35.4354
2023-01-21,inc hosp,4,2023-02-18,Kentucky,quantile,0.75,44,35.4354
2023-01-21,inc hosp,4,2023-02-18,Kentucky,quantile,0.975,92,35.4354
2023-01-21,inc hosp,1,2023-01-28,Louisiana,quantile,0.025,31,69.8936
2023-01-21,inc hosp,1,2023-01-28,Louisiana,quantile,0.25,51,69.8936
2023-01-21,inc hosp,1,2023-01-28,Louisiana,quantile,0.5,66,69.8936
2023-01-21,inc hosp,1,2023-01-28,Louisiana,quantile,0.75,84,69.8936
2023-01-21,inc hosp,1,2023-01-28,Louisiana,quantile,0.975,132,69.8936
2023-01-21,inc hosp,2,2023-02-04,Louisiana,quantile,0.025,21,67.7122
2023-01-21,inc hosp,2,2023-02-04,Louisiana,quantile,0.25,43,67.7122
2023-01-21,inc hosp,2,2023-02-04,Louisiana,quantile,0.5,60,67.7122
2023-01-21,inc hosp,2,2023-02-04,Louisiana,quantile,0.75,85,67.7122
2023-01-21,inc hosp,2,2023-02-04,Louisiana,quantile,0.975,155,67.7122
2023-01-21,inc hosp,3,2023-02-11,Louisiana,quantile,0.025,17,69.4482
2023-01-21,inc hosp,3,2023-02-11,Louisiana,quantile,0.25,39,69.4482
2023-01-21,inc hosp,3,2023-02-11,Louisiana,quantile,0.5,59,69.4482
2023-01-21,inc hosp,3,2023-02-11,Louisiana,quantile,0.75,88,69.4482
2023-01-21,inc hosp,3,2023-02-11,Louisiana,quantile,0.975,180,69.4482
2023-01-21,inc hosp,4,2023-02-18,Louisiana,quantile,0.025,15,73.9552
2023-01-21,inc hosp,4,2023-02-18,Louisiana,quantile,0.25,38,73.9552
2023-01-21,inc hosp,4,2023-02-18,Louisiana,quantile,0.5,60,73.9552
2023-01-21,inc hosp,4,2023-02-18,Louisiana,quantile,0.75,94,73.9552
2023-01-21,inc hosp,4,2023-02-18,Louisiana,quantile,0.975,208,73.9552
2023-01-21,inc hosp,1,2023-01-28,Maine,quantile,0.025,8,25.3352
2023-01-21,inc hosp,1,2023-01-28,Maine,quantile,0.25,16,25.3352
2023-01-21,inc hosp,1,2023-01-28,Maine,quantile,0.5,23,25.3352
2023-01-21,inc hosp,1,2023-01-28,Maine,quantile,0.75,31,25.3352
2023-01-21,inc hosp,1,2023-01-28,Maine,quantile,0.975,58,25.3352
2023-01-21,inc hosp,2,2023-02-04,Maine,quantile,0.025,4,23.2478
2023-01-21,inc hosp,2,2023-02-04,Maine,quantile,0.25,12,23.2478
2023-01-21,inc hosp,2,2023-02-04,Maine,quantile,0.5,19,23.2478
2023-01-21,inc hosp,2,2023-02-04,Maine,quantile,0.75,29,23.2478
2023-01-21,inc hosp,2,2023-02-04,Maine,quantile,0.975,66,23.2478
2023-01-21,inc hosp,3,2023-02-11,Maine,quantile,0.025,3,22.9422
2023-01-21,inc hosp,3,2023-02-11,Maine,quantile,0.25,10,22.9422
2023-01-21,inc hosp,3,2023-02-11,Maine,quantile,0.5,18,22.9422
2023-01-21,inc hosp,3,2023-02-11,Maine,quantile,0.75,29,22.9422
2023-01-21,inc hosp,3,2023-02-11,Maine,quantile,0.975,73,22.9422
2023-01-21,inc hosp,4,2023-02-18,Maine,quantile,0.025,2,23.3254
2023-01-21,inc hosp,4,2023-02-18,Maine,quantile,0.25,9,23.3254
2023-01-21,inc hosp,4,2023-02-18,Maine,quantile,0.5,17,23.3254
2023-01-21,inc hosp,4,2023-02-18,Maine,quantile,0.75,29,23.3254
2023-01-21,inc hosp,4,2023-02-18,Maine,quantile,0.975,83,23.3254
2023-01-21,inc hosp,1,2023-01-28,Maryland,quantile,0.025,26,56.1872
2023-01-21,inc hosp,1,2023-01-28,Maryland,quantile,0.25,42,56.1872
2023-01-21,inc hosp,1,2023-01-28,Maryland,quantile,0.5,53,56.1872
2023-01-21,inc hosp,1,2023-01-28,Maryland,quantile,0.75,67,56.1872
2023-01-21,inc hosp,1,2023-01-28,Maryland,quantile,0.975,103,56.1872
2023-01-21,inc hosp,2,2023-02-04,Maryland,quantile,0.025,18,53.473
2023-01-21,inc hosp,2,2023-02-04,Maryland,quantile,0.25,36,53.473
2023-01-21,inc hosp,2,2023-02-04,Maryland,quantile,0.5,49,53.473
2023-01-21,inc hosp,2,2023-02-04,Maryland,quantile,0.75,66,53.473
2023-01-21,inc hosp,2,2023-02-04,Maryland,quantile,0.975,115,53.473
2023-01-21,inc hosp,3,2023-02-11,Maryland,quantile,0.025,15,54.0198
2023-01-21,inc hosp,3,2023-02-11,Maryland,quantile,0.25,32,54.0198
2023-01-21,inc hosp,3,2023-02-11,Maryland,quantile,0.5,47,54.0198
2023-01-21,inc hosp,3,2023-02-11,Maryland,quantile,0.75,69,54.0198
2023-01-21,inc hosp,3,2023-02-11,Maryland,quantile,0.975,134,54.0198
2023-01-21,inc hosp,4,2023-02-18,Maryland,quantile,0.025,13,56.106
2023-01-21,inc hosp,4,2023-02-18,Maryland,quantile,0.25,30,56.106
2023-01-21,inc hosp,4,2023-02-18,Maryland,quantile,0.5,48,56.106
2023-01-21,inc hosp,4,2023-02-18,Maryland,quantile,0.75,71,56.106
2023-01-21,inc hosp,4,2023-02-18,Maryland,quantile,0.975,150,56.106
2023-01-21,inc hosp,1,2023-01-28,Massachusetts,quantile,0.025,54,114.3506
2023-01-21,inc hosp,1,2023-01-28,Massachusetts,quantile,0.25,87,114.3506
2023-01-21,inc hosp,1,2023-01-28,Massachusetts,quantile,0.5,109,114.3506
2023-01-21,inc hosp,1,2023-01-28,Massachusetts,quantile,0.75,135,114.3506
2023-01-21,inc hosp,1,2023-01-28,Massachusetts,quantile,0.975,206,114.3506
2023-01-21,inc hosp,2,2023-02-04,Massachusetts,quantile,0.025,37,105.9168
2023-01-21,inc hosp,2,2023-02-04,Massachusetts,quantile,0.25,71,105.9168
2023-01-21,inc hosp,2,2023-02-04,Massachusetts,quantile,0.5,96,105.9168
2023-01-21,inc hosp,2,2023-02-04,Massachusetts,quantile,0.75,130,105.9168
2023-01-21,inc hosp,2,2023-02-04,Massachusetts,quantile,0.975,228,105.9168
2023-01-21,inc hosp,3,2023-02-11,Massachusetts,quantile,0.025,31,105.817
2023-01-21,inc hosp,3,2023-02-11,Massachusetts,quantile,0.25,63,105.817
2023-01-21,inc hosp,3,2023-02-11,Massachusetts,quantile,0.5,91,105.817
2023-01-21,inc hosp,3,2023-02-11,Massachusetts,quantile,0.75,132,105.817
2023-01-21,inc hosp,3,2023-02-11,Massachusetts,quantile,0.975,261,105.817
2023-01-21,inc hosp,4,2023-02-18,Massachusetts,quantile,0.025,26,108.588
2023-01-21,inc hosp,4,2023-02-18,Massachusetts,quantile,0.25,59,108.588
2023-01-21,inc hosp,4,2023-02-18,Massachusetts,quantile,0.5,91,108.588
2023-01-21,inc hosp,4,2023-02-18,Massachusetts,quantile,0.75,135,108.588
2023-01-21,inc hosp,4,2023-02-18,Massachusetts,quantile,0.975,302,108.588
2023-01-21,inc hosp,1,2023-01-28,Michigan,quantile,0.025,72,144.4816
2023-01-21,inc hosp,1,2023-01-28,Michigan,quantile,0.25,111,144.4816
2023-01-21,inc hosp,1,2023-01-28,Michigan,quantile,0.5,138,144.4816
2023-01-21,inc hosp,1,2023-01-28,Michigan,quantile,0.75,170,144.4816
2023-01-21,inc hosp,1,2023-01-28,Michigan,quantile,0.975,259,144.4816
2023-01-21,inc hosp,2,2023-02-04,Michigan,quantile,0.025,51,133.0452
2023-01-21,inc hosp,2,2023-02-04,Michigan,quantile,0.25,91,133.0452
2023-01-21,inc hosp,2,2023-02-04,Michigan,quantile,0.5,121,133.0452
2023-01-21,inc hosp,2,2023-02-04,Michigan,quantile,0.75,163,133.0452
2023-01-21,inc hosp,2,2023-02-04,Michigan,quantile,0.975,283,133.0452
2023-01-21,inc hosp,3,2023-02-11,Michigan,quantile,0.025,39,130.7152
2023-01-21,inc hosp,3,2023-02-11,Michigan,quantile,0.25,81,130.7152
2023-01-21,inc hosp,3,2023-02-11,Michigan,quantile,0.5,115,130.7152
2023-01-21,inc hosp,3,2023-02-11,Michigan,quantile,0.75,162,130.7152
2023-01-21,inc hosp,3,2023-02-11,Michigan,quantile,0.975,317,130.7152
2023-01-21,inc hosp,4,2023-02-18,Michigan,quantile,0.025,34,133.9792
2023-01-21,inc hosp,4,2023-02-18,Michigan,quantile,0.25,77,133.9792
2023-01-21,inc hosp,4,2023-02-18,Michigan,quantile,0.5,113,133.9792
2023-01-21,inc hosp,4,2023-02-18,Michigan,quantile,0.75,167,133.9792
2023-01-21,inc hosp,4,2023-02-18,Michigan,quantile,0.975,350,133.9792
2023-01-21,inc hosp,1,2023-01-28,Minnesota,quantile,0.025,10,25.2488
2023-01-21,inc hosp,1,2023-01-28,Minnesota,quantile,0.25,18,25.2488
2023-01-21,inc hosp,1,2023-01-28,Minnesota,quantile,0.5,24,25.2488
2023-01-21,inc hosp,1,2023-01-28,Minnesota,quantile,0.75,31,25.2488
2023-01-21,inc hosp,1,2023-01-28,Minnesota,quantile,0.975,48,25.2488
2023-01-21,inc hosp,2,2023-02-04,Minnesota,quantile,0.025,7,24.3622
2023-01-21,inc hosp,2,2023-02-04,Minnesota,quantile,0.25,16,24.3622
2023-01-21,inc hosp,2,2023-02-04,Minnesota,quantile,0.5,22,24.3622
2023-01-21,inc hosp,2,2023-02-04,Minnesota,quantile,0.75,31,24.3622
2023-01-21,inc hosp,2,2023-02-04,Minnesota,quantile,0.975,55,24.3622
2023-01-21,inc hosp,3,2023-02-11,Minnesota,quantile,0.025,7,25.2408
2023-01-21,inc hosp,3,2023-02-11,Minnesota,quantile,0.25,15,25.2408
2023-01-21,inc hosp,3,2023-02-11,Minnesota,quantile,0.5,22,25.2408
2023-01-21,inc hosp,3,2023-02-11,Minnesota,quantile,0.75,32,25.2408
2023-01-21,inc hosp,3,2023-02-11,Minnesota,quantile,0.975,63,25.2408
2023-01-21,inc hosp,4,2023-02-18,Minnesota,quantile,0.025,5,26.585
2023-01-21,inc hosp,4,2023-02-18,Minnesota,quantile,0.25,14,26.585
2023-01-21,inc hosp,4,2023-02-18,Minnesota,quantile,0.5,22,26.585
2023-01-21,inc hosp,4,2023-02-18,Minnesota,quantile,0.75,34,26.585
2023-01-21,inc hosp,4,2023-02-18,Minnesota,quantile,0.975,73,26.585
2023-01-21,inc hosp,1,2023-01-28,Mississippi,quantile,0.025,20,45.1628
2023-01-21,inc hosp,1,2023-01-28,Mississippi,quantile,0.25,33,45.1628
2023-01-21,inc hosp,1,2023-01-28,Mississippi,quantile,0.5,43,45.1628
2023-01-21,inc hosp,1,2023-01-28,Mississippi,quantile,0.75,54,45.1628
2023-01-21,inc hosp,1,2023-01-28,Mississippi,quantile,0.975,86,45.1628
2023-01-21,inc hosp,2,2023-02-04,Mississippi,quantile,0.025,15,45.0086
2023-01-21,inc hosp,2,2023-02-04,Mississippi,quantile,0.25,29,45.0086
2023-01-21,inc hosp,2,2023-02-04,Mississippi,quantile,0.5,40,45.0086
2023-01-21,inc hosp,2,2023-02-04,Mississippi,quantile,0.75,56,45.0086
2023-01-21,inc hosp,2,2023-02-04,Mississippi,quantile,0.975,103,45.0086
2023-01-21,inc hosp,3,2023-02-11,Mississippi,quantile,0.025,12,48.0112
2023-01-21,inc hosp,3,2023-02-11,Mississippi,quantile,0.25,27,48.0112
2023-01-21,inc hosp,3,2023-02-11,Mississippi,quantile,0.5,41,48.0112
2023-01-21,inc hosp,3,2023-02-11,Mississippi,quantile,0.75,61,48.0112
2023-01-21,inc hosp,3,2023-02-11,Mississippi,quantile,0.975,122,48.0112
2023-01-21,inc hosp,4,2023-02-18,Mississippi,quantile,0.025,11,52.0826
2023-01-21,inc hosp,4,2023-02-18,Mississippi,quantile,0.25,28,52.0826
2023-01-21,inc hosp,4,2023-02-18,Mississippi,quantile,0.5,43,52.0826
2023-01-21,inc hosp,4,2023-02-18,Mississippi,quantile,0.75,66,52.0826
2023-01-21,inc hosp,4,2023-02-18,Mississippi,quantile,0.975,148,52.0826
2023-01-21,inc hosp,1,2023-01-28,Missouri,quantile,0.025,47,90.3322
2023-01-21,inc hosp,1,2023-01-28,Missouri,quantile,0.25,70,90.3322
2023-01-21,inc hosp,1,2023-01-28,Missouri,quantile,0.5,87,90.3322
2023-01-21,inc hosp,1,2023-01-28,Missouri,quantile,0.75,106,90.3322
2023-01-21,inc hosp,1,2023-01-28,Missouri,quantile,0.975,155,90.3322
2023-01-21,inc hosp,2,2023-02-04,Missouri,quantile,0.025,36,85.3316
2023-01-21,inc hosp,2,2023-02-04,Missouri,quantile,0.25,60,85.3316
2023-01-21,inc hosp,2,2023-02-04,Missouri,quantile,0.5,79,85.3316
2023-01-21,inc hosp,2,2023-02-04,Missouri,quantile,0.75,105,85.3316
2023-01-21,inc hosp,2,2023-02-04,Missouri,quantile,0.975,169,85.3316
2023-01-21,inc hosp,3,2023-02-11,Missouri,quantile,0.025,29,85.578
2023-01-21,inc hosp,3,2023-02-11,Missouri,quantile,0.25,55,85.578
2023-01-21,inc hosp,3,2023-02-11,Missouri,quantile,0.5,76,85.578
2023-01-21,inc hosp,3,2023-02-11,Missouri,quantile,0.75,106,85.578
2023-01-21,inc hosp,3,2023-02-11,Missouri,quantile,0.975,193,85.578
2023-01-21,inc hosp,4,2023-02-18,Missouri,quantile,0.025,26,88.8686
2023-01-21,inc hosp,4,2023-02-18,Missouri,quantile,0.25,53,88.8686
2023-01-21,inc hosp,4,2023-02-18,Missouri,quantile,0.5,76,88.8686
2023-01-21,inc hosp,4,2023-02-18,Missouri,quantile,0.75,111,88.8686
2023-01-21,inc hosp,4,2023-02-18,Missouri,quantile,0.975,222,88.8686
2023-01-21,inc hosp,1,2023-01-28,Montana,quantile,0.025,5,16.3526
2023-01-21,inc hosp,1,2023-01-28,Montana,quantile,0.25,11,16.3526
2023-01-21,inc hosp,1,2023-01-28,Montana,quantile,0.5,15,16.3526
2023-01-21,inc hosp,1,2023-01-28,Montana,quantile,0.75,20,16.3526
2023-01-21,inc hosp,1,2023-01-28,Montana,quantile,0.975,33,16.3526
2023-01-21,inc hosp,2,2023-02-04,Montana,quantile,0.025,4,15.5406
2023-01-21,inc hosp,2,2023-02-04,Montana,quantile,0.25,9,15.5406
2023-01-21,inc hosp,2,2023-02-04,Montana,quantile,0.5,14,15.5406
2023-01-21,inc hosp,2,2023-02-04,Montana,quantile,0.75,20,15.5406
2023-01-21,inc hosp,2,2023-02-04,Montana,quantile,0.975,37,15.5406
2023-01-21,inc hosp,3,2023-02-11,Montana,quantile,0.025,3,15.7186
2023-01-21,inc hosp,3,2023-02-11,Montana,quantile,0.25,9,15.7186
2023-01-21,inc hosp,3,2023-02-11,Montana,quantile,0.5,13,15.7186
2023-01-21,inc hosp,3,2023-02-11,Montana,quantile,0.75,20,15.7186
2023-01-21,inc hosp,3,2023-02-11,Montana,quantile,0.975,42,15.7186
2023-01-21,inc hosp,4,2023-02-18,Montana,quantile,0.025,2,16.2384
2023-01-21,inc hosp,4,2023-02-18,Montana,quantile,0.25,8,16.2384
2023-01-21,inc hosp,4,2023-02-18,Montana,quantile,0.5,13,16.2384
2023-01-21,inc hosp,4,2023-02-18,Montana,quantile,0.75,21,16.2384
2023-01-21,inc hosp,4,2023-02-18,Montana,quantile,0.975,46,16.2384
2023-01-21,inc hosp,1,2023-01-28,Nebraska,quantile,0.025,20,43.5396
2023-01-21,inc hosp,1,2023-01-28,Nebraska,quantile,0.25,33,43.5396
2023-01-21,inc hosp,1,2023-01-28,Nebraska,quantile,0.5,42,43.5396
2023-01-21,inc hosp,1,2023-01-28,Nebraska,quantile,0.75,52,43.5396
2023-01-21,inc hosp,1,2023-01-28,Nebraska,quantile,0.975,78,43.5396
2023-01-21,inc hosp,2,2023-02-04,Nebraska,quantile,0.025,14,40.4968
2023-01-21,inc hosp,2,2023-02-04,Nebraska,quantile,0.25,27,40.4968
2023-01-21,inc hosp,2,2023-02-04,Nebraska,quantile,0.5,37,40.4968
2023-01-21,inc hosp,2,2023-02-04,Nebraska,quantile,0.75,50,40.4968
2023-01-21,inc hosp,2,2023-02-04,Nebraska,quantile,0.975,86,40.4968
2023-01-21,inc hosp,3,2023-02-11,Nebraska,quantile,0.025,11,40.0186
2023-01-21,inc hosp,3,2023-02-11,Nebraska,quantile,0.25,24,40.0186
2023-01-21,inc hosp,3,2023-02-11,Nebraska,quantile,0.5,35,40.0186
2023-01-21,inc hosp,3,2023-02-11,Nebraska,quantile,0.75,50,40.0186
2023-01-21,inc hosp,3,2023-02-11,Nebraska,quantile,0.975,98,40.0186
2023-01-21,inc hosp,4,2023-02-18,Nebraska,quantile,0.025,10,41.1334
2023-01-21,inc hosp,4,2023-02-18,Nebraska,quantile,0.25,23,41.1334
2023-01-21,inc hosp,4,2023-02-18,Nebraska,quantile,0.5,35,41.1334
2023-01-21,inc hosp,4,2023-02-18,Nebraska,quantile,0.75,52,41.1334
2023-01-21,inc hosp,4,2023-02-18,Nebraska,quantile,0.975,108,41.1334
2023-01-21,inc hosp,1,2023-01-28,Nevada,quantile,0.025,8,21.5142
2023-01-21,inc hosp,1,2023-01-28,Nevada,quantile,0.25,15,21.5142
2023-01-21,inc hosp,1,2023-01-28,Nevada,quantile,0.5,20,21.5142
2023-01-21,inc hosp,1,2023-01-28,Nevada,quantile,0.75,26,21.5142
2023-01-21,inc hosp,1,2023-01-28,Nevada,quantile,0.975,42,21.5142
2023-01-21,inc hosp,2,2023-02-04,Nevada,quantile,0.025,6,21.4346
2023-01-21,inc hosp,2,2023-02-04,Nevada,quantile,0.25,13,21.4346
2023-01-21,inc hosp,2,2023-02-04,Nevada,quantile,0.5,19,21.4346
2023-01-21,inc hosp,2,2023-02-04,Nevada,quantile,0.75,27,21.4346
2023-01-21,inc hosp,2,2023-02-04,Nevada,quantile,0.975,48,21.4346
2023-01-21,inc hosp,3,2023-02-11,Nevada,quantile,0.025,5,22.5862
2023-01-21,inc hosp,3,2023-02-11,Nevada,quantile,0.25,13,22.5862
2023-01-21,inc hosp,3,2023-02-11,Nevada,quantile,0.5,19,22.5862
2023-01-21,inc hosp,3,2023-02-11,Nevada,quantile,0.75,29,22.5862
2023-01-21,inc hosp,3,2023-02-11,Nevada,quantile,0.975,58,22.5862
2023-01-21,inc hosp,4,2023-02-18,Nevada,quantile,0.025,5,24.6042
2023-01-21,inc hosp,4,2023-02-18,Nevada,quantile,0.25,13,24.6042
2023-01-21,inc hosp,4,2023-02-18,Nevada,quantile,0.5,20,24.6042
2023-01-21,inc hosp,4,2023-02-18,Nevada,quantile,0.75,31,24.6042
2023-01-21,inc hosp,4,2023-02-18,Nevada,quantile,0.975,69,24.6042
2023-01-21,inc hosp,1,2023-01-28,New Hampshire,quantile,0.025,7,20.7642
2023-01-21,inc hosp,1,2023-01-28,New Hampshire,quantile,0.25,14,20.7642
2023-01-21,inc hosp,1,2023-01-28,New Hampshire,quantile,0.5,19,20.7642
2023-01-21,inc hosp,1,2023-01-28,New Hampshire,quantile,0.75,26,20.7642
2023-01-21,inc hosp,1,2023-01-28,New Hampshire,quantile,0.975,43,20.7642
2023-01-21,inc hosp,2,2023-02-04,New Hampshire,quantile,0.025,4,19.458
2023-01-21,inc hosp,2,2023-02-04,New Hampshire,quantile,0.25,11,19.458
2023-01-21,inc hosp,2,2023-02-04,New Hampshire,quantile,0.5,17,19.458
2023-01-21,inc hosp,2,2023-02-04,New Hampshire,quantile,0.75,25,19.458
2023-01-21,inc hosp,2,2023-02-04,New Hampshire,quantile,0.975,48,19.458
2023-01-21,inc hosp,3,2023-02-11,New Hampshire,quantile,0.025,3,19.3064
2023-01-21,inc hosp,3,2023-02-11,New Hampshire,quantile,0.25,10,19.3064
2023-01-21,inc hosp,3,2023-02-11,New Hampshire,quantile,0.5,16,19.3064
2023-01-21,inc hosp,3,2023-02-11,New Hampshire,quantile,0.75,25,19.3064
2023-01-21,inc hosp,3,2023-02-11,New Hampshire,quantile,0.975,53,19.3064
2023-01-21,inc hosp,4,2023-02-18,New Hampshire,quantile,0.025,3,19.8342
2023-01-21,inc hosp,4,2023-02-18,New Hampshire,quantile,0.25,9,19.8342
2023-01-21,inc hosp,4,2023-02-18,New Hampshire,quantile,0.5,16,19.8342
2023-01-21,inc hosp,4,2023-02-18,New Hampshire,quantile,0.75,25,19.8342
2023-01-21,inc hosp,4,2023-02-18,New Hampshire,quantile,0.975,62,19.8342
2023-01-21,inc hosp,1,2023-01-28,New Jersey,quantile,0.025,41,92.5706
2023-01-21,inc hosp,1,2023-01-28,New Jersey,quantile,0.25,68,92.5706
2023-01-21,inc hosp,1,2023-01-28,New Jersey,quantile,0.5,87,92.5706
2023-01-21,inc hosp,1,2023-01-28,New Jersey,quantile,0.75,111,92.5706
2023-01-21,inc hosp,1,2023-01-28,New Jersey,quantile,0.975,180,92.5706
2023-01-21,inc hosp,2,2023-02-04,New Jersey,quantile,0.025,29,89.5724
2023-01-21,inc hosp,2,2023-02-04,New Jersey,quantile,0.25,57,89.5724
2023-01-21,inc hosp,2,2023-02-04,New Jersey,quantile,0.5,80,89.5724
2023-01-21,inc hosp,2,2023-02-04,New Jersey,quantile,0.75,111,89.5724
2023-01-21,inc hosp,2,2023-02-04,New Jersey,quantile,0.975,212,89.5724
2023-01-21,inc hosp,3,2023-02-11,New Jersey,quantile,0.025,24,93.306
2023-01-21,inc hosp,3,2023-02-11,New Jersey,quantile,0.25,52,93.306
2023-01-21,inc hosp,3,2023-02-11,New Jersey,quantile,0.5,79,93.306
2023-01-21,inc hosp,3,2023-02-11,New Jersey,quantile,0.75,117,93.306
2023-01-21,inc hosp,3,2023-02-11,New Jersey,quantile,0.975,249,93.306
2023-01-21,inc hosp,4,2023-02-18,New Jersey,quantile,0.025,20,99.9144
2023-01-21,inc hosp,4,2023-02-18,New Jersey,quantile,0.25,51,99.9144
2023-01-21,inc hosp,4,2023-02-18,New Jersey,quantile,0.5,80,99.9144
2023-01-21,inc hosp,4,2023-02-18,New Jersey,quantile,0.75,125,99.9144
2023-01-21,inc hosp,4,2023-02-18,New Jersey,quantile,0.975,299,99.9144
2023-01-21,inc hosp,1,2023-01-28,New Mexico,quantile,0.025,12,28.7094
2023-01-21,inc hosp,1,2023-01-28,New Mexico,quantile,0.25,21,28.7094
2023-01-21,inc hosp,1,2023-01-28,New Mexico,quantile,0.5,27,28.7094
2023-01-21,inc hosp,1,2023-01-28,New Mexico,quantile,0.75,35,28.7094
2023-01-21,inc hosp,1,2023-01-28,New Mexico,quantile,0.975,54,28.7094
2023-01-21,inc hosp,2,2023-02-04,New Mexico,quantile,0.025,9,27.9142
2023-01-21,inc hosp,2,2023-02-04,New Mexico,quantile,0.25,18,27.9142
2023-01-21,inc hosp,2,2023-02-04,New Mexico,quantile,0.5,25,27.9142
2023-01-21,inc hosp,2,2023-02-04,New Mexico,quantile,0.75,35,27.9142
2023-01-21,inc hosp,2,2023-02-04,New Mexico,quantile,0.975,61,27.9142
2023-01-21,inc hosp,3,2023-02-11,New Mexico,quantile,0.025,8,28.8978
2023-01-21,inc hosp,3,2023-02-11,New Mexico,quantile,0.25,17,28.8978
2023-01-21,inc hosp,3,2023-02-11,New Mexico,quantile,0.5,25,28.8978
2023-01-21,inc hosp,3,2023-02-11,New Mexico,quantile,0.75,36,28.8978
2023-01-21,inc hosp,3,2023-02-11,New Mexico,quantile,0.975,75,28.8978
2023-01-21,inc hosp,4,2023-02-18,New Mexico,quantile,0.025,6,30.6882
2023-01-21,inc hosp,4,2023-02-18,New Mexico,quantile,0.25,17,30.6882
2023-01-21,inc hosp,4,2023-02-18,New Mexico,quantile,0.5,26,30.6882
2023-01-21,inc hosp,4,2023-02-18,New Mexico,quantile,0.75,39,30.6882
2023-01-21,inc hosp,4,2023-02-18,New Mexico,quantile,0.975,82,30.6882
2023-01-21,inc hosp,1,2023-01-28,New York,quantile,0.025,137,261.6712
2023-01-21,inc hosp,1,2023-01-28,New York,quantile,0.25,203,261.6712
2023-01-21,inc hosp,1,2023-01-28,New York,quantile,0.5,250,261.6712
2023-01-21,inc hosp,1,2023-01-28,New York,quantile,0.75,308,261.6712
2023-01-21,inc hosp,1,2023-01-28,New York,quantile,0.975,453,261.6712
2023-01-21,inc hosp,2,2023-02-04,New York,quantile,0.025,94,243.5366
2023-01-21,inc hosp,2,2023-02-04,New York,quantile,0.25,169,243.5366
2023-01-21,inc hosp,2,2023-02-04,New York,quantile,0.5,226,243.5366
2023-01-21,inc hosp,2,2023-02-04,New York,quantile,0.75,297,243.5366
2023-01-21,inc hosp,2,2023-02-04,New York,quantile,0.975,498,243.5366
2023-01-21,inc hosp,3,2023-02-11,New York,quantile,0.025,77,244.3606
2023-01-21,inc hosp,3,2023-02-11,New York,quantile,0.25,154,244.3606
2023-01-21,inc hosp,3,2023-02-11,New York,quantile,0.5,216,244.3606
2023-01-21,inc hosp,3,2023-02-11,New York,quantile,0.75,304,244.3606
2023-01-21,inc hosp,3,2023-02-11,New York,quantile,0.975,578,244.3606
2023-01-21,inc hosp,4,2023-02-18,New York,quantile,0.025,64,251.9434
2023-01-21,inc hosp,4,2023-02-18,New York,quantile,0.25,142,251.9434
2023-01-21,inc hosp,4,2023-02-18,New York,quantile,0.5,216,251.9434
2023-01-21,inc hosp,4,2023-02-18,New York,quantile,0.75,319,251.9434
2023-01-21,inc hosp,4,2023-02-18,New York,quantile,0.975,647,251.9434
2023-01-21,inc hosp,1,2023-01-28,North Carolina,quantile,0.025,29,61.9128
2023-01-21,inc hosp,1,2023-01-28,North Carolina,quantile,0.25,46,61.9128
2023-01-21,inc hosp,1,2023-01-28,North Carolina,quantile,0.5,59,61.9128
2023-01-21,inc hosp,1,2023-01-28,North Carolina,quantile,0.75,74,61.9128
2023-01-21,inc hosp,1,2023-01-28,North Carolina,quantile,0.975,112,61.9128
2023-01-21,inc hosp,2,2023-02-04,North Carolina,quantile,0.025,21,61.7716
2023-01-21,inc hosp,2,2023-02-04,North Carolina,quantile,0.25,41,61.7716
2023-01-21,inc hosp,2,2023-02-04,North Carolina,quantile,0.5,56,61.7716
2023-01-21,inc hosp,2,2023-02-04,North Carolina,quantile,0.75,76,61.7716
2023-01-21,inc hosp,2,2023-02-04,North Carolina,quantile,0.975,133,61.7716
2023-01-21,inc hosp,3,2023-02-11,North Carolina,quantile,0.025,18,65.7382
2023-01-21,inc hosp,3,2023-02-11,North Carolina,quantile,0.25,39,65.7382
2023-01-21,inc hosp,3,2023-02-11,North Carolina,quantile,0.5,57,65.7382
2023-01-21,inc hosp,3,2023-02-11,North Carolina,quantile,0.75,82,65.7382
2023-01-21,inc hosp,3,2023-02-11,North Carolina,quantile,0.975,164,65.7382
2023-01-21,inc hosp,4,2023-02-18,North Carolina,quantile,0.025,16,71.685
2023-01-21,inc hosp,4,2023-02-18,North Carolina,quantile,0.25,39,71.685
2023-01-21,inc hosp,4,2023-02-18,North Carolina,quantile,0.5,60,71.685
2023-01-21,inc hosp,4,2023-02-18,North Carolina,quantile,0.75,90,71.685
2023-01-21,inc hosp,4,2023-02-18,North Carolina,quantile,0.975,194,71.685
2023-01-21,inc hosp,1,2023-01-28,North Dakota,quantile,0.025,8,23.9216
2023-01-21,inc hosp,1,2023-01-28,North Dakota,quantile,0.25,17,23.9216
2023-01-21,inc hosp,1,2023-01-28,North Dakota,quantile,0.5,22,23.9216
2023-01-21,inc hosp,1,2023-01-28,North Dakota,quantile,0.75,29,23.9216
2023-01-21,inc hosp,1,2023-01-28,North Dakota,quantile,0.975,49,23.9216
2023-01-21,inc hosp,2,2023-02-04,North Dakota,quantile,0.025,6,22.4304
2023-01-21,inc hosp,2,2023-02-04,North Dakota,quantile,0.25,14,22.4304
2023-01-21,inc hosp,2,2023-02-04,North Dakota,quantile,0.5,20,22.4304
2023-01-21,inc hosp,2,2023-02-04,North Dakota,quantile,0.75,28,22.4304
2023-01-21,inc hosp,2,2023-02-04,North Dakota,quantile,0.975,53,22.4304
2023-01-21,inc hosp,3,2023-02-11,North Dakota,quantile,0.025,5,22.5034
2023-01-21,inc hosp,3,2023-02-11,North Dakota,quantile,0.25,12,22.5034
2023-01-21,inc hosp,3,2023-02-11,North Dakota,quantile,0.5,19,22.5034
2023-01-21,inc hosp,3,2023-02-11,North Dakota,quantile,0.75,29,22.5034
2023-01-21,inc hosp,3,2023-02-11,North Dakota,quantile,0.975,61,22.5034
2023-01-21,inc hosp,4,2023-02-18,North Dakota,quantile,0.025,4,22.9422
2023-01-21,inc hosp,4,2023-02-18,North Dakota,quantile,0.25,11,22.9422
2023-01-21,inc hosp,4,2023-02-18,North Dakota,quantile,0.5,19,22.9422
2023-01-21,inc hosp,4,2023-02-18,North Dakota,quantile,0.75,29,22.9422
2023-01-21,inc hosp,4,2023-02-18,North Dakota,quantile,0.975,66,22.9422
2023-01-21,inc hosp,1,2023-01-28,Ohio,quantile,0.025,48,97.709
2023-01-21,inc hosp,1,2023-01-28,Ohio,quantile,0.25,74,97.709
2023-01-21,inc hosp,1,2023-01-28,Ohio,quantile,0.5,94,97.709
2023-01-21,inc hosp,1,2023-01-28,Ohio,quantile,0.75,116,97.709
2023-01-21,inc hosp,1,2023-01-28,Ohio,quantile,0.975,173,97.709
2023-01-21,inc hosp,2,2023-02-04,Ohio,quantile,0.025,34,93.1968
2023-01-21,inc hosp,2,2023-02-04,Ohio,quantile,0.25,63,93.1968
2023-01-21,inc hosp,2,2023-02-04,Ohio,quantile,0.5,85,93.1968
2023-01-21,inc hosp,2,2023-02-04,Ohio,quantile,0.75,115,93.1968
2023-01-21,inc hosp,2,2023-02-04,Ohio,quantile,0.975,197,93.1968
2023-01-21,inc hosp,3,2023-02-11,Ohio,quantile,0.025,28,95.4162
2023-01-21,inc hosp,3,2023-02-11,Ohio,quantile,0.25,58,95.4162
2023-01-21,inc hosp,3,2023-02-11,Ohio,quantile,0.5,83,95.4162
2023-01-21,inc hosp,3,2023-02-11,Ohio,quantile,0.75,119,95.4162
2023-01-21,inc hosp,3,2023-02-11,Ohio,quantile,0.975,232,95.4162
2023-01-21,inc hosp,4,2023-02-18,Ohio,quantile,0.025,25,100.419
2023-01-21,inc hosp,4,2023-02-18,Ohio,quantile,0.25,57,100.419
2023-01-21,inc hosp,4,2023-02-18,Ohio,quantile,0.5,85,100.419
2023-01-21,inc hosp,4,2023-02-18,Ohio,quantile,0.75,126,100.419
2023-01-21,inc hosp,4,2023-02-18,Ohio,quantile,0.975,268,100.419
2023-01-21,inc hosp,1,2023-01-28,Oklahoma,quantile,0.025,74,145.1046
2023-01-21,inc hosp,1,2023-01-28,Oklahoma,quantile,0.25,113,145.1046
2023-01-21,inc hosp,1,2023-01-28,Oklahoma,quantile,0.5,139,145.1046
2023-01-21,inc hosp,1,2023-01-28,Oklahoma,quantile,0.75,171,145.1046
2023-01-21,inc hosp,1,2023-01-28,Oklahoma,quantile,0.975,248,145.1046
2023-01-21,inc hosp,2,2023-02-04,Oklahoma,quantile,0.025,55,136.8866
2023-01-21,inc hosp,2,2023-02-04,Oklahoma,quantile,0.25,96,136.8866
2023-01-21,inc hosp,2,2023-02-04,Oklahoma,quantile,0.5,126,136.8866
2023-01-21,inc hosp,2,2023-02-04,Oklahoma,quantile,0.75,167,136.8866
2023-01-21,inc hosp,2,2023-02-04,Oklahoma,quantile,0.975,277,136.8866
2023-01-21,inc hosp,3,2023-02-11,Oklahoma,quantile,0.025,44,138.5832
2023-01-21,inc hosp,3,2023-02-11,Oklahoma,quantile,0.25,87,138.5832
2023-01-21,inc hosp,3,2023-02-11,Oklahoma,quantile,0.5,122,138.5832
2023-01-21,inc hosp,3,2023-02-11,Oklahoma,quantile,0.75,172,138.5832
2023-01-21,inc hosp,3,2023-02-11,Oklahoma,quantile,0.975,328,138.5832
2023-01-21,inc hosp,4,2023-02-18,Oklahoma,quantile,0.025,39,144.087
2023-01-21,inc hosp,4,2023-02-18,Oklahoma,quantile,0.25,84,144.087
2023-01-21,inc hosp,4,2023-02-18,Oklahoma,quantile,0.5,123,144.087
2023-01-21,inc hosp,4,2023-02-18,Oklahoma,quantile,0.75,180,144.087
2023-01-21,inc hosp,4,2023-02-18,Oklahoma,quantile,0.975,367,144.087
2023-01-21,inc hosp,1,2023-01-28,Oregon,quantile,0.025,11,28.9762
2023-01-21,inc hosp,1,2023-01-28,Oregon,quantile,0.25,21,28.9762
2023-01-21,inc hosp,1,2023-01-28,Oregon,quantile,0.5,27,28.9762
2023-01-21,inc hosp,1,2023-01-28,Oregon,quantile,0.75,35,28.9762
2023-01-21,inc hosp,1,2023-01-28,Oregon,quantile,0.975,56,28.9762
2023-01-21,inc hosp,2,2023-02-04,Oregon,quantile,0.025,8,27.32
2023-01-21,inc hosp,2,2023-02-04,Oregon,quantile,0.25,17,27.32
2023-01-21,inc hosp,2,2023-02-04,Oregon,quantile,0.5,25,27.32
2023-01-21,inc hosp,2,2023-02-04,Oregon,quantile,0.75,34,27.32
2023-01-21,inc hosp,2,2023-02-04,Oregon,quantile,0.975,63,27.32
2023-01-21,inc hosp,3,2023-02-11,Oregon,quantile,0.025,6,27.1202
2023-01-21,inc hosp,3,2023-02-11,Oregon,quantile,0.25,15,27.1202
2023-01-21,inc hosp,3,2023-02-11,Oregon,quantile,0.5,23,27.1202
2023-01-21,inc hosp,3,2023-02-11,Oregon,quantile,0.75,35,27.1202
2023-01-21,inc hosp,3,2023-02-11,Oregon,quantile,0.975,70,27.1202
2023-01-21,inc hosp,4,2023-02-18,Oregon,quantile,0.025,5,28.4596
2023-01-21,inc hosp,4,2023-02-18,Oregon,quantile,0.25,15,28.4596
2023-01-21,inc hosp,4,2023-02-18,Oregon,quantile,0.5,23,28.4596
2023-01-21,inc hosp,4,2023-02-18,Oregon,quantile,0.75,36,28.4596
2023-01-21,inc hosp,4,2023-02-18,Oregon,quantile,0.975,79,28.4596
2023-01-21,inc hosp,1,2023-01-28,Pennsylvania,quantile,0.025,138,261.5246
2023-01-21,inc hosp,1,2023-01-28,Pennsylvania,quantile,0.25,204,261.5246
2023-01-21,inc hosp,1,2023-01-28,Pennsylvania,quantile,0.5,250,261.5246
2023-01-21,inc hosp,1,2023-01-28,Pennsylvania,quantile,0.75,307,261.5246
2023-01-21,inc hosp,1,2023-01-28,Pennsylvania,quantile,0.975,442,261.5246
2023-01-21,inc hosp,2,2023-02-04,Pennsylvania,quantile,0.025,101,247.6978
2023-01-21,inc hosp,2,2023-02-04,Pennsylvania,quantile,0.25,173,247.6978
2023-01-21,inc hosp,2,2023-02-04,Pennsylvania,quantile,0.5,229,247.6978
2023-01-21,inc hosp,2,2023-02-04,Pennsylvania,quantile,0.75,301,247.6978
2023-01-21,inc hosp,2,2023-02-04,Pennsylvania,quantile,0.975,510,247.6978
2023-01-21,inc hosp,3,2023-02-11,Pennsylvania,quantile,0.025,84,250.7048
2023-01-21,inc hosp,3,2023-02-11,Pennsylvania,quantile,0.25,158,250.7048
2023-01-21,inc hosp,3,2023-02-11,Pennsylvania,quantile,0.5,223,250.7048
2023-01-21,inc hosp,3,2023-02-11,Pennsylvania,quantile,0.75,311,250.7048
2023-01-21,inc hosp,3,2023-02-11,Pennsylvania,quantile,0.975,581,250.7048
2023-01-21,inc hosp,4,2023-02-18,Pennsylvania,quantile,0.025,72,261.6984
2023-01-21,inc hosp,4,2023-02-18,Pennsylvania,quantile,0.25,152,261.6984
2023-01-21,inc hosp,4,2023-02-18,Pennsylvania,quantile,0.5,224,261.6984
2023-01-21,inc hosp,4,2023-02-18,Pennsylvania,quantile,0.75,328,261.6984
2023-01-21,inc hosp,4,2023-02-18,Pennsylvania,quantile,0.975,673,261.6984
2023-01-21,inc hosp,1,2023-01-28,Puerto Rico,quantile,0.025,13,48.1506
2023-01-21,inc hosp,1,2023-01-28,Puerto Rico,quantile,0.25,29,48.1506
2023-01-21,inc hosp,1,2023-01-28,Puerto Rico,quantile,0.5,42,48.1506
2023-01-21,inc hosp,1,2023-01-28,Puerto Rico,quantile,0.75,61,48.1506
2023-01-21,inc hosp,1,2023-01-28,Puerto Rico,quantile,0.975,116,48.1506
2023-01-21,inc hosp,2,2023-02-04,Puerto Rico,quantile,0.025,9,51.7492
2023-01-21,inc hosp,2,2023-02-04,Puerto Rico,quantile,0.25,25,51.7492
2023-01-21,inc hosp,2,2023-02-04,Puerto Rico,quantile,0.5,40,51.7492
2023-01-21,inc hosp,2,2023-02-04,Puerto Rico,quantile,0.75,65,51.7492
2023-01-21,inc hosp,2,2023-02-04,Puerto Rico,quantile,0.975,165,51.7492
2023-01-21,inc hosp,3,2023-02-11,Puerto Rico,quantile,0.025,7,59.448
2023-01-21,inc hosp,3,2023-02-11,Puerto Rico,quantile,0.25,23,59.448
2023-01-21,inc hosp,3,2023-02-11,Puerto Rico,quantile,0.5,41,59.448
2023-01-21,inc hosp,3,2023-02-11,Puerto Rico,quantile,0.75,73,59.448
2023-01-21,inc hosp,3,2023-02-11,Puerto Rico,quantile,0.975,220,59.448
2023-01-21,inc hosp,4,2023-02-18,Puerto Rico,quantile,0.025,6,69.2482
2023-01-21,inc hosp,4,2023-02-18,Puerto Rico,quantile,0.25,22,69.2482
2023-01-21,inc hosp,4,2023-02-18,Puerto Rico,quantile,0.5,44,69.2482
2023-01-21,inc hosp,4,2023-02-18,Puerto Rico,quantile,0.75,83,69.2482
2023-01-21,inc hosp,4,2023-02-18,Puerto Rico,quantile,0.975,289,69.2482
2023-01-21,inc hosp,1,2023-01-28,Rhode Island,quantile,0.025,2,9.7534
2023-01-21,inc hosp,1,2023-01-28,Rhode Island,quantile,0.25,6,9.7534
2023-01-21,inc hosp,1,2023-01-28,Rhode Island,quantile,0.5,9,9.7534
2023-01-21,inc hosp,1,2023-01-28,Rhode Island,quantile,0.75,12,9.7534
2023-01-21,inc hosp,1,2023-01-28,Rhode Island,quantile,0.975,22,9.7534
2023-01-21,inc hosp,2,2023-02-04,Rhode Island,quantile,0.025,1,8.875
2023-01-21,inc hosp,2,2023-02-04,Rhode Island,quantile,0.25,5,8.875
2023-01-21,inc hosp,2,2023-02-04,Rhode Island,quantile,0.5,8,8.875
2023-01-21,inc hosp,2,2023-02-04,Rhode Island,quantile,0.75,11,8.875
2023-01-21,inc hosp,2,2023-02-04,Rhode Island,quantile,0.975,23,8.875
2023-01-21,inc hosp,3,2023-02-11,Rhode Island,quantile,0.025,1,8.675
2023-01-21,inc hosp,3,2023-02-11,Rhode Island,quantile,0.25,4,8.675
2023-01-21,inc hosp,3,2023-02-11,Rhode Island,quantile,0.5,7,8.675
2023-01-21,inc hosp,3,2023-02-11,Rhode Island,quantile,0.75,11,8.675
2023-01-21,inc hosp,3,2023-02-11,Rhode Island,quantile,0.975,26,8.675
2023-01-21,inc hosp,4,2023-02-18,Rhode Island,quantile,0.025,1,8.9388
2023-01-21,inc hosp,4,2023-02-18,Rhode Island,quantile,0.25,4,8.9388
2023-01-21,inc hosp,4,2023-02-18,Rhode Island,quantile,0.5,7,8.9388
2023-01-21,inc hosp,4,2023-02-18,Rhode Island,quantile,0.75,12,8.9388
2023-01-21,inc hosp,4,2023-02-18,Rhode Island,quantile,0.975,29,8.9388
2023-01-21,inc hosp,1,2023-01-28,South Carolina,quantile,0.025,21,52.0842
2023-01-21,inc hosp,1,2023-01-28,South Carolina,quantile,0.25,37,52.0842
2023-01-21,inc hosp,1,2023-01-28,South Carolina,quantile,0.5,48,52.0842
2023-01-21,inc hosp,1,2023-01-28,South Carolina,quantile,0.75,63,52.0842
2023-01-21,inc hosp,1,2023-01-28,South Carolina,quantile,0.975,106,52.0842
2023-01-21,inc hosp,2,2023-02-04,South Carolina,quantile,0.025,15,51.5782
2023-01-21,inc hosp,2,2023-02-04,South Carolina,quantile,0.25,31,51.5782
2023-01-21,inc hosp,2,2023-02-04,South Carolina,quantile,0.5,45,51.5782
2023-01-21,inc hosp,2,2023-02-04,South Carolina,quantile,0.75,65,51.5782
2023-01-21,inc hosp,2,2023-02-04,South Carolina,quantile,0.975,127,51.5782
2023-01-21,inc hosp,3,2023-02-11,South Carolina,quantile,0.025,11,54.263
2023-01-21,inc hosp,3,2023-02-11,South Carolina,quantile,0.25,28,54.263
2023-01-21,inc hosp,3,2023-02-11,South Carolina,quantile,0.5,45,54.263
2023-01-21,inc hosp,3,2023-02-11,South Carolina,quantile,0.75,69,54.263
2023-01-21,inc hosp,3,2023-02-11,South Carolina,quantile,0.975,154,54.263
2023-01-21,inc hosp,4,2023-02-18,South Carolina,quantile,0.025,10,59.6186
2023-01-21,inc hosp,4,2023-02-18,South Carolina,quantile,0.25,29,59.6186
2023-01-21,inc hosp,4,2023-02-18,South Carolina,quantile,0.5,46,59.6186
2023-01-21,inc hosp,4,2023-02-18,South Carolina,quantile,0.75,76,59.6186
2023-01-21,inc hosp,4,2023-02-18,South Carolina,quantile,0.975,188,59.6186
2023-01-21,inc hosp,1,2023-01-28,South Dakota,quantile,0.025,3,12.0792
2023-01-21,inc hosp,1,2023-01-28,South Dakota,quantile,0.25,8,12.0792
2023-01-21,inc hosp,1,2023-01-28,South Dakota,quantile,0.5,11,12.0792
2023-01-21,inc hosp,1,2023-01-28,South Dakota,quantile,0.75,15,12.0792
2023-01-21,inc hosp,1,2023-01-28,South Dakota,quantile,0.975,25,12.0792
2023-01-21,inc hosp,2,2023-02-04,South Dakota,quantile,0.025,3,11.797
2023-01-21,inc hosp,2,2023-02-04,South Dakota,quantile,0.25,7,11.797
2023-01-21,inc hosp,2,2023-02-04,South Dakota,quantile,0.5,11,11.797
2023-01-21,inc hosp,2,2023-02-04,South Dakota,quantile,0.75,15,11.797
2023-01-21,inc hosp,2,2023-02-04,South Dakota,quantile,0.975,27,11.797
2023-01-21,inc hosp,3,2023-02-11,South Dakota,quantile,0.025,2,12.3602
2023-01-21,inc hosp,3,2023-02-11,South Dakota,quantile,0.25,7,12.3602
2023-01-21,inc hosp,3,2023-02-11,South Dakota,quantile,0.5,11,12.3602
2023-01-21,inc hosp,3,2023-02-11,South Dakota,quantile,0.75,16,12.3602
2023-01-21,inc hosp,3,2023-02-11,South Dakota,quantile,0.975,32,12.3602
2023-01-21,inc hosp,4,2023-02-18,South Dakota,quantile,0.025,2,13.231
2023-01-21,inc hosp,4,2023-02-18,South Dakota,quantile,0.25,7,13.231
2023-01-21,inc hosp,4,2023-02-18,South Dakota,quantile,0.5,11,13.231
2023-01-21,inc hosp,4,2023-02-18,South Dakota,quantile,0.75,17,13.231
2023-01-21,inc hosp,4,2023-02-18,South Dakota,quantile,0.975,37,13.231
2023-01-21,inc hosp,1,2023-01-28,Tennessee,quantile,0.025,31,62.8718
2023-01-21,inc hosp,1,2023-01-28,Tennessee,quantile,0.25,48,62.8718
2023-01-21,inc hosp,1,2023-01-28,Tennessee,quantile,0.5,61,62.8718
2023-01-21,inc hosp,1,2023-01-28,Tennessee,quantile,0.75,74,62.8718
2023-01-21,inc hosp,1,2023-01-28,Tennessee,quantile,0.975,108,62.8718
2023-01-21,inc hosp,2,2023-02-04,Tennessee,quantile,0.025,24,61.231
2023-01-21,inc hosp,2,2023-02-04,Tennessee,quantile,0.25,43,61.231
2023-01-21,inc hosp,2,2023-02-04,Tennessee,quantile,0.5,57,61.231
2023-01-21,inc hosp,2,2023-02-04,Tennessee,quantile,0.75,75,61.231
2023-01-21,inc hosp,2,2023-02-04,Tennessee,quantile,0.975,122,61.231
2023-01-21,inc hosp,3,2023-02-11,Tennessee,quantile,0.025,21,63.5626
2023-01-21,inc hosp,3,2023-02-11,Tennessee,quantile,0.25,41,63.5626
2023-01-21,inc hosp,3,2023-02-11,Tennessee,quantile,0.5,58,63.5626
2023-01-21,inc hosp,3,2023-02-11,Tennessee,quantile,0.75,79,63.5626
2023-01-21,inc hosp,3,2023-02-11,Tennessee,quantile,0.975,141,63.5626
2023-01-21,inc hosp,4,2023-02-18,Tennessee,quantile,0.025,19,67.8442
2023-01-21,inc hosp,4,2023-02-18,Tennessee,quantile,0.25,41,67.8442
2023-01-21,inc hosp,4,2023-02-18,Tennessee,quantile,0.5,59,67.8442
2023-01-21,inc hosp,4,2023-02-18,Tennessee,quantile,0.75,85,67.8442
2023-01-21,inc hosp,4,2023-02-18,Tennessee,quantile,0.975,174,67.8442
2023-01-21,inc hosp,1,2023-01-28,Texas,quantile,0.025,219,435.5658
2023-01-21,inc hosp,1,2023-01-28,Texas,quantile,0.25,332,435.5658
2023-01-21,inc hosp,1,2023-01-28,Texas,quantile,0.5,415,435.5658
2023-01-21,inc hosp,1,2023-01-28,Texas,quantile,0.75,512,435.5658
2023-01-21,inc hosp,1,2023-01-28,Texas,quantile,0.975,777,435.5658
2023-01-21,inc hosp,2,2023-02-04,Texas,quantile,0.025,161,424.3516
2023-01-21,inc hosp,2,2023-02-04,Texas,quantile,0.25,283,424.3516
2023-01-21,inc hosp,2,2023-02-04,Texas,quantile,0.5,388,424.3516
2023-01-21,inc hosp,2,2023-02-04,Texas,quantile,0.75,519,424.3516
2023-01-21,inc hosp,2,2023-02-04,Texas,quantile,0.975,905,424.3516
2023-01-21,inc hosp,3,2023-02-11,Texas,quantile,0.025,132,438.4222
2023-01-21,inc hosp,3,2023-02-11,Texas,quantile,0.25,265,438.4222
2023-01-21,inc hosp,3,2023-02-11,Texas,quantile,0.5,381,438.4222
2023-01-21,inc hosp,3,2023-02-11,Texas,quantile,0.75,547,438.4222
2023-01-21,inc hosp,3,2023-02-11,Texas,quantile,0.975,1070,438.4222
2023-01-21,inc hosp,4,2023-02-18,Texas,quantile,0.025,117,463.8718
2023-01-21,inc hosp,4,2023-02-18,Texas,quantile,0.25,257,463.8718
2023-01-21,inc hosp,4,2023-02-18,Texas,quantile,0.5,384,463.8718
2023-01-21,inc hosp,4,2023-02-18,Texas,quantile,0.75,586,463.8718
2023-01-21,inc hosp,4,2023-02-18,Texas,quantile,0.975,1253,463.8718
2023-01-21,inc hosp,1,2023-01-28,Utah,quantile,0.025,5,15.9292
2023-01-21,inc hosp,1,2023-01-28,Utah,quantile,0.25,11,15.9292
2023-01-21,inc hosp,1,2023-01-28,Utah,quantile,0.5,15,15.9292
2023-01-21,inc hosp,1,2023-01-28,Utah,quantile,0.75,20,15.9292
2023-01-21,inc hosp,1,2023-01-28,Utah,quantile,0.975,32,15.9292
2023-01-21,inc hosp,2,2023-02-04,Utah,quantile,0.025,4,15.0622
2023-01-21,inc hosp,2,2023-02-04,Utah,quantile,0.25,9,15.0622
2023-01-21,inc hosp,2,2023-02-04,Utah,quantile,0.5,14,15.0622
2023-01-21,inc hosp,2,2023-02-04,Utah,quantile,0.75,19,15.0622
2023-01-21,inc hosp,2,2023-02-04,Utah,quantile,0.975,35,15.0622
2023-01-21,inc hosp,3,2023-02-11,Utah,quantile,0.025,3,15.0806
2023-01-21,inc hosp,3,2023-02-11,Utah,quantile,0.25,9,15.0806
2023-01-21,inc hosp,3,2023-02-11,Utah,quantile,0.5,13,15.0806
2023-01-21,inc hosp,3,2023-02-11,Utah,quantile,0.75,19,15.0806
2023-01-21,inc hosp,3,2023-02-11,Utah,quantile,0.975,38,15.0806
2023-01-21,inc hosp,4,2023-02-18,Utah,quantile,0.025,3,15.6674
2023-01-21,inc hosp,4,2023-02-18,Utah,quantile,0.25,9,15.6674
2023-01-21,inc hosp,4,2023-02-18,Utah,quantile,0.5,13,15.6674
2023-01-21,inc hosp,4,2023-02-18,Utah,quantile,0.75,20,15.6674
2023-01-21,inc hosp,4,2023-02-18,Utah,quantile,0.975,42,15.6674
2023-01-21,inc hosp,1,2023-01-28,Vermont,quantile,0.025,1,7.8622
2023-01-21,inc hosp,1,2023-01-28,Vermont,quantile,0.25,5,7.8622
2023-01-21,inc hosp,1,2023-01-28,Vermont,quantile,0.5,7,7.8622
2023-01-21,inc hosp,1,2023-01-28,Vermont,quantile,0.75,10,7.8622
2023-01-21,inc hosp,1,2023-01-28,Vermont,quantile,0.975,18,7.8622
2023-01-21,inc hosp,2,2023-02-04,Vermont,quantile,0.025,1,7.0614
2023-01-21,inc hosp,2,2023-02-04,Vermont,quantile,0.25,4,7.0614
2023-01-21,inc hosp,2,2023-02-04,Vermont,quantile,0.5,6,7.0614
2023-01-21,inc hosp,2,2023-02-04,Vermont,quantile,0.75,9,7.0614
2023-01-21,inc hosp,2,2023-02-04,Vermont,quantile,0.975,19,7.0614
2023-01-21,inc hosp,3,2023-02-11,Vermont,quantile,0.025,0,6.8968
2023-01-21,inc hosp,3,2023-02-11,Vermont,quantile,0.25,3,6.8968
2023-01-21,inc hosp,3,2023-02-11,Vermont,quantile,0.5,6,6.8968
2023-01-21,inc hosp,3,2023-02-11,Vermont,quantile,0.75,9,6.8968
2023-01-21,inc hosp,3,2023-02-11,Vermont,quantile,0.975,21,6.8968
2023-01-21,inc hosp,4,2023-02-18,Vermont,quantile,0.025,0,6.8466
2023-01-21,inc hosp,4,2023-02-18,Vermont,quantile,0.25,3,6.8466
2023-01-21,inc hosp,4,2023-02-18,Vermont,quantile,0.5,5,6.8466
2023-01-21,inc hosp,4,2023-02-18,Vermont,quantile,0.75,9,6.8466
2023-01-21,inc hosp,4,2023-02-18,Vermont,quantile,0.975,22,6.8466
2023-01-21,inc hosp,1,2023-01-28,Virginia,quantile,0.025,32,66.4946
2023-01-21,inc hosp,1,2023-01-28,Virginia,quantile,0.25,51,66.4946
2023-01-21,inc hosp,1,2023-01-28,Virginia,quantile,0.5,63,66.4946
2023-01-21,inc hosp,1,2023-01-28,Virginia,quantile,0.75,79,66.4946
2023-01-21,inc hosp,1,2023-01-28,Virginia,quantile,0.975,119,66.4946
2023-01-21,inc hosp,2,2023-02-04,Virginia,quantile,0.025,25,66.0206
2023-01-21,inc hosp,2,2023-02-04,Virginia,quantile,0.25,45,66.0206
2023-01-21,inc hosp,2,2023-02-04,Virginia,quantile,0.5,60,66.0206
2023-01-21,inc hosp,2,2023-02-04,Virginia,quantile,0.75,81,66.0206
2023-01-21,inc hosp,2,2023-02-04,Virginia,quantile,0.975,139,66.0206
2023-01-21,inc hosp,3,2023-02-11,Virginia,quantile,0.025,22,70.1006
2023-01-21,inc hosp,3,2023-02-11,Virginia,quantile,0.25,44,70.1006
2023-01-21,inc hosp,3,2023-02-11,Virginia,quantile,0.5,62,70.1006
2023-01-21,inc hosp,3,2023-02-11,Virginia,quantile,0.75,88,70.1006
2023-01-21,inc hosp,3,2023-02-11,Virginia,quantile,0.975,167,70.1006
2023-01-21,inc hosp,4,2023-02-18,Virginia,quantile,0.025,19,76.1816
2023-01-21,inc hosp,4,2023-02-18,Virginia,quantile,0.25,44,76.1816
2023-01-21,inc hosp,4,2023-02-18,Virginia,quantile,0.5,65,76.1816
2023-01-21,inc hosp,4,2023-02-18,Virginia,quantile,0.75,96,76.1816
2023-01-21,inc hosp,4,2023-02-18,Virginia,quantile,0.975,198,76.1816
2023-01-21,inc hosp,1,2023-01-28,Washington,quantile,0.025,27,66.1758
2023-01-21,inc hosp,1,2023-01-28,Washington,quantile,0.25,47,66.1758
2023-01-21,inc hosp,1,2023-01-28,Washington,quantile,0.5,61,66.1758
2023-01-21,inc hosp,1,2023-01-28,Washington,quantile,0.75,80,66.1758
2023-01-21,inc hosp,1,2023-01-28,Washington,quantile,0.975,131,66.1758
2023-01-21,inc hosp,2,2023-02-04,Washington,quantile,0.025,18,61.5286
2023-01-21,inc hosp,2,2023-02-04,Washington,quantile,0.25,37,61.5286
2023-01-21,inc hosp,2,2023-02-04,Washington,quantile,0.5,54,61.5286
2023-01-21,inc hosp,2,2023-02-04,Washington,quantile,0.75,78,61.5286
2023-01-21,inc hosp,2,2023-02-04,Washington,quantile,0.975,152,61.5286
2023-01-21,inc hosp,3,2023-02-11,Washington,quantile,0.025,14,62.0986
2023-01-21,inc hosp,3,2023-02-11,Washington,quantile,0.25,33,62.0986
2023-01-21,inc hosp,3,2023-02-11,Washington,quantile,0.5,51,62.0986
2023-01-21,inc hosp,3,2023-02-11,Washington,quantile,0.75,78,62.0986
2023-01-21,inc hosp,3,2023-02-11,Washington,quantile,0.975,172,62.0986
2023-01-21,inc hosp,4,2023-02-18,Washington,quantile,0.025,11,64.0208
2023-01-21,inc hosp,4,2023-02-18,Washington,quantile,0.25,31,64.0208
2023-01-21,inc hosp,4,2023-02-18,Washington,quantile,0.5,50,64.0208
2023-01-21,inc hosp,4,2023-02-18,Washington,quantile,0.75,80,64.0208
2023-01-21,inc hosp,4,2023-02-18,Washington,quantile,0.975,204,64.0208
2023-01-21,inc hosp,1,2023-01-28,West Virginia,quantile,0.025,7,19.827
2023-01-21,inc hosp,1,2023-01-28,West Virginia,quantile,0.25,14,19.827
2023-01-21,inc hosp,1,2023-01-28,West Virginia,quantile,0.5,19,19.827
2023-01-21,inc hosp,1,2023-01-28,West Virginia,quantile,0.75,24,19.827
2023-01-21,inc hosp,1,2023-01-28,West Virginia,quantile,0.975,39,19.827
2023-01-21,inc hosp,2,2023-02-04,West Virginia,quantile,0.025,6,19.6182
2023-01-21,inc hosp,2,2023-02-04,West Virginia,quantile,0.25,13,19.6182
2023-01-21,inc hosp,2,2023-02-04,West Virginia,quantile,0.5,18,19.6182
2023-01-21,inc hosp,2,2023-02-04,West Virginia,quantile,0.75,25,19.6182
2023-01-21,inc hosp,2,2023-02-04,West Virginia,quantile,0.975,44,19.6182
2023-01-21,inc hosp,3,2023-02-11,West Virginia,quantile,0.025,5,20.6918
2023-01-21,inc hosp,3,2023-02-11,West Virginia,quantile,0.25,12,20.6918
2023-01-21,inc hosp,3,2023-02-11,West Virginia,quantile,0.5,18,20.6918
2023-01-21,inc hosp,3,2023-02-11,West Virginia,quantile,0.75,26,20.6918
2023-01-21,inc hosp,3,2023-02-11,West Virginia,quantile,0.975,53,20.6918
2023-01-21,inc hosp,4,2023-02-18,West Virginia,quantile,0.025,4,22.322
2023-01-21,inc hosp,4,2023-02-18,West Virginia,quantile,0.25,12,22.322
2023-01-21,inc hosp,4,2023-02-18,West Virginia,quantile,0.5,19,22.322
2023-01-21,inc hosp,4,2023-02-18,West Virginia,quantile,0.75,28,22.322
2023-01-21,inc hosp,4,2023-02-18,West Virginia,quantile,0.975,61,22.322
2023-01-21,inc hosp,1,2023-01-28,Wisconsin,quantile,0.025,41,88.4794
2023-01-21,inc hosp,1,2023-01-28,Wisconsin,quantile,0.25,67,88.4794
2023-01-21,inc hosp,1,2023-01-28,Wisconsin,quantile,0.5,84,88.4794
2023-01-21,inc hosp,1,2023-01-28,Wisconsin,quantile,0.75,105,88.4794
2023-01-21,inc hosp,1,2023-01-28,Wisconsin,quantile,0.975,162,88.4794
2023-01-21,inc hosp,2,2023-02-04,Wisconsin,quantile,0.025,29,81.5838
2023-01-21,inc hosp,2,2023-02-04,Wisconsin,quantile,0.25,54,81.5838
2023-01-21,inc hosp,2,2023-02-04,Wisconsin,quantile,0.5,74,81.5838
2023-01-21,inc hosp,2,2023-02-04,Wisconsin,quantile,0.75,101,81.5838
2023-01-21,inc hosp,2,2023-02-04,Wisconsin,quantile,0.975,176,81.5838
2023-01-21,inc hosp,3,2023-02-11,Wisconsin,quantile,0.025,23,80.4024
2023-01-21,inc hosp,3,2023-02-11,Wisconsin,quantile,0.25,48,80.4024
2023-01-21,inc hosp,3,2023-02-11,Wisconsin,quantile,0.5,70,80.4024
2023-01-21,inc hosp,3,2023-02-11,Wisconsin,quantile,0.75,100,80.4024
2023-01-21,inc hosp,3,2023-02-11,Wisconsin,quantile,0.975,198,80.4024
2023-01-21,inc hosp,4,2023-02-18,Wisconsin,quantile,0.025,19,81.9282
2023-01-21,inc hosp,4,2023-02-18,Wisconsin,quantile,0.25,44,81.9282
2023-01-21,inc hosp,4,2023-02-18,Wisconsin,quantile,0.5,68,81.9282
2023-01-21,inc hosp,4,2023-02-18,Wisconsin,quantile,0.75,104,81.9282
2023-01-21,inc hosp,4,2023-02-18,Wisconsin,quantile,0.975,231,81.9282
2023-01-21,inc hosp,1,2023-01-28,Wyoming,quantile,0.025,3,10.229
2023-01-21,inc hosp,1,2023-01-28,Wyoming,quantile,0.25,7,10.229
2023-01-21,inc hosp,1,2023-01-28,Wyoming,quantile,0.5,9,10.229
2023-01-21,inc hosp,1,2023-01-28,Wyoming,quantile,0.75,13,10.229
2023-01-21,inc hosp,1,2023-01-28,Wyoming,quantile,0.975,22,10.229
2023-01-21,inc hosp,2,2023-02-04,Wyoming,quantile,0.025,2,9.539
2023-01-21,inc hosp,2,2023-02-04,Wyoming,quantile,0.25,6,9.539
2023-01-21,inc hosp,2,2023-02-04,Wyoming,quantile,0.5,9,9.539
2023-01-21,inc hosp,2,2023-02-04,Wyoming,quantile,0.75,12,9.539
2023-01-21,inc hosp,2,2023-02-04,Wyoming,quantile,0.975,23,9.539
2023-01-21,inc hosp,3,2023-02-11,Wyoming,quantile,0.025,1,9.556
2023-01-21,inc hosp,3,2023-02-11,Wyoming,quantile,0.25,5,9.556
2023-01-21,inc hosp,3,2023-02-11,Wyoming,quantile,0.5,8,9.556
2023-01-21,inc hosp,3,2023-02-11,Wyoming,quantile,0.75,12,9.556
2023-01-21,inc hosp,3,2023-02-11,Wyoming,quantile,0.975,25,9.556
2023-01-21,inc hosp,4,2023-02-18,Wyoming,quantile,0.025,1,9.875
2023-01-21,inc hosp,4,2023-02-18,Wyoming,quantile,0.25,5,9.875
2023-01-21,inc hosp,4,2023-02-18,Wyoming,quantile,0.5,8,9.875
2023-01-21,inc hosp,4,2023-02-18,Wyoming,quantile,0.75,13,9.875
2023-01-21,inc hosp,4,2023-02-18,Wyoming,quantile,0.975,28,9.875
