reference_date,target,target_end_date,horizon,location_number,location,output_type,output_type_id,value
2023-02-25,inc hosp,2023-03-04,1,06,California,quantile,0.01,33
2023-02-25,inc hosp,2023-03-04,1,06,California,quantile,0.025,44
2023-02-25,inc hosp,2023-03-04,1,06,California,quantile,0.05,67
2023-02-25,inc hosp,2023-03-04,1,06,California,quantile,0.1,78
2023-02-25,inc hosp,2023-03-04,1,06,California,quantile,0.15,89
2023-02-25,inc hosp,2023-03-04,1,06,California,quantile,0.2,100
2023-02-25,inc hosp,2023-03-04,1,06,California,quantile,0.25,111
2023-02-25,inc hosp,2023-03-04,1,06,California,quantile,0.3,122
2023-02-25,inc hosp,2023-03-04,1,06,California,quantile,0.35,133
2023-02-25,inc hosp,2023-03-04,1,06,California,quantile,0.4,144
2023-02-25,inc hosp,2023-03-04,1,06,California,quantile,0.45,144
2023-02-25,inc hosp,2023-03-04,1,06,California,quantile,0.5,156
2023-02-25,inc hosp,2023-03-04,1,06,California,quantile,0.55,167
2023-02-25,inc hosp,2023-03-04,1,06,California,quantile,0.6,178
2023-02-25,inc hosp,2023-03-04,1,06,California,quantile,0.65,189
2023-02-25,inc hosp,2023-03-04,1,06,California,quantile,0.7,200
2023-02-25,inc hosp,2023-03-04,1,06,California,quantile,0.75,222
2023-02-25,inc hosp,2023-03-04,1,06,California,quantile,0.8,233
2023-02-25,inc hosp,2023-03-04,1,06,California,quantile,0.85,256
2023-02-25,inc hosp,2023-03-04,1,06,California,quantile,0.9,289
2023-02-25,inc hosp,2023-03-04,1,06,California,quantile,0.95,333
2023-02-25,inc hosp,2023-03-04,1,06,California,quantile,0.975,389
2023-02-25,inc hosp,2023-03-04,1,06,California,quantile,0.99,467
2023-02-25,inc hosp,2023-03-11,2,06,California,quantile,0.01,22
2023-02-25,inc hosp,2023-03-11,2,06,California,quantile,0.025,33
2023-02-25,inc hosp,2023-03-11,2,06,California,quantile,0.05,44
2023-02-25,inc hosp,2023-03-11,2,06,California,quantile,0.1,56
2023-02-25,inc hosp,2023-03-11,2,06,California,quantile,0.15,78
2023-02-25,inc hosp,2023-03-11,2,06,California,quantile,0.2,89
2023-02-25,inc hosp,2023-03-11,2,06,California,quantile,0.25,89
2023-02-25,inc hosp,2023-03-11,2,06,California,quantile,0.3,100
2023-02-25,inc hosp,2023-03-11,2,06,California,quantile,0.35,111
2023-02-25,inc hosp,2023-03-11,2,06,California,quantile,0.4,122
2023-02-25,inc hosp,2023-03-11,2,06,California,quantile,0.45,133
2023-02-25,inc hosp,2023-03-11,2,06,California,quantile,0.5,144
2023-02-25,inc hosp,2023-03-11,2,06,California,quantile,0.55,156
2023-02-25,inc hosp,2023-03-11,2,06,California,quantile,0.6,167
2023-02-25,inc hosp,2023-03-11,2,06,California,quantile,0.65,178
2023-02-25,inc hosp,2023-03-11,2,06,California,quantile,0.7,200
2023-02-25,inc hosp,2023-03-11,2,06,California,quantile,0.75,222
2023-02-25,inc hosp,2023-03-11,2,06,California,quantile,0.8,233
2023-02-25,inc hosp,2023-03-11,2,06,California,quantile,0.85,267
2023-02-25,inc hosp,2023-03-11,2,06,California,quantile,0.9,311
2023-02-25,inc hosp,2023-03-11,2,06,California,quantile,0.95,389
2023-02-25,inc hosp,2023-03-11,2,06,California,quantile,0.975,456
2023-02-25,inc hosp,2023-03-11,2,06,California,quantile,0.99,578
2023-02-25,inc hosp,2023-03-18,3,06,California,quantile,0.01,11
2023-02-25,inc hosp,2023-03-18,3,06,California,quantile,0.025,22
2023-02-25,inc hosp,2023-03-18,3,06,California,quantile,0.05,33
2023-02-25,inc hosp,2023-03-18,3,06,California,quantile,0.1,44
2023-02-25,inc hosp,2023-03-18,3,06,California,quantile,0.15,56
2023-02-25,inc hosp,2023-03-18,3,06,California,quantile,0.2,67
2023-02-25,inc hosp,2023-03-18,3,06,California,quantile,0.25,78
2023-02-25,inc hosp,2023-03-18,3,06,California,quantile,0.3,89
2023-02-25,inc hosp,2023-03-18,3,06,California,quantile,0.35,100
2023-02-25,inc hosp,2023-03-18,3,06,California,quantile,0.4,111
2023-02-25,inc hosp,2023-03-18,3,06,California,quantile,0.45,122
2023-02-25,inc hosp,2023-03-18,3,06,California,quantile,0.5,133
2023-02-25,inc hosp,2023-03-18,3,06,California,quantile,0.55,144
2023-02-25,inc hosp,2023-03-18,3,06,California,quantile,0.6,156
2023-02-25,inc hosp,2023-03-18,3,06,California,quantile,0.65,178
2023-02-25,inc hosp,2023-03-18,3,06,California,quantile,0.7,200
2023-02-25,inc hosp,2023-03-18,3,06,California,quantile,0.75,222
2023-02-25,inc hosp,2023-03-18,3,06,California,quantile,0.8,244
2023-02-25,inc hosp,2023-03-18,3,06,California,quantile,0.85,278
2023-02-25,inc hosp,2023-03-18,3,06,California,quantile,0.9,333
2023-02-25,inc hosp,2023-03-18,3,06,California,quantile,0.95,411
2023-02-25,inc hosp,2023-03-18,3,06,California,quantile,0.975,511
2023-02-25,inc hosp,2023-03-18,3,06,California,quantile,0.99,633
2023-02-25,inc hosp,2023-03-25,4,06,California,quantile,0.01,11
2023-02-25,inc hosp,2023-03-25,4,06,California,quantile,0.025,11
2023-02-25,inc hosp,2023-03-25,4,06,California,quantile,0.05,22
2023-02-25,inc hosp,2023-03-25,4,06,California,quantile,0.1,33
2023-02-25,inc hosp,2023-03-25,4,06,California,quantile,0.15,44
2023-02-25,inc hosp,2023-03-25,4,06,California,quantile,0.2,56
2023-02-25,inc hosp,2023-03-25,4,06,California,quantile,0.25,67
2023-02-25,inc hosp,2023-03-25,4,06,California,quantile,0.3,78
2023-02-25,inc hosp,2023-03-25,4,06,California,quantile,0.35,89
2023-02-25,inc hosp,2023-03-25,4,06,California,quantile,0.4,100
2023-02-25,inc hosp,2023-03-25,4,06,California,quantile,0.45,111
2023-02-25,inc hosp,2023-03-25,4,06,California,quantile,0.5,122
2023-02-25,inc hosp,2023-03-25,4,06,California,quantile,0.55,133
2023-02-25,inc hosp,2023-03-25,4,06,California,quantile,0.6,156
2023-02-25,inc hosp,2023-03-25,4,06,California,quantile,0.65,167
2023-02-25,inc hosp,2023-03-25,4,06,California,quantile,0.7,189
2023-02-25,inc hosp,2023-03-25,4,06,California,quantile,0.75,211
2023-02-25,inc hosp,2023-03-25,4,06,California,quantile,0.8,233
2023-02-25,inc hosp,2023-03-25,4,06,California,quantile,0.85,267
2023-02-25,inc hosp,2023-03-25,4,06,California,quantile,0.9,322
2023-02-25,inc hosp,2023-03-25,4,06,California,quantile,0.95,433
2023-02-25,inc hosp,2023-03-25,4,06,California,quantile,0.975,556
2023-02-25,inc hosp,2023-03-25,4,06,California,quantile,0.99,722
2023-02-25,inc hosp,2023-03-04,1,08,Colorado,quantile,0.01,6
2023-02-25,inc hosp,2023-03-04,1,08,Colorado,quantile,0.025,8
2023-02-25,inc hosp,2023-03-04,1,08,Colorado,quantile,0.05,12
2023-02-25,inc hosp,2023-03-04,1,08,Colorado,quantile,0.1,14
2023-02-25,inc hosp,2023-03-04,1,08,Colorado,quantile,0.15,16
2023-02-25,inc hosp,2023-03-04,1,08,Colorado,quantile,0.2,18
2023-02-25,inc hosp,2023-03-04,1,08,Colorado,quantile,0.25,20
2023-02-25,inc hosp,2023-03-04,1,08,Colorado,quantile,0.3,22
2023-02-25,inc hosp,2023-03-04,1,08,Colorado,quantile,0.35,24
2023-02-25,inc hosp,2023-03-04,1,08,Colorado,quantile,0.4,27
2023-02-25,inc hosp,2023-03-04,1,08,Colorado,quantile,0.45,29
2023-02-25,inc hosp,2023-03-04,1,08,Colorado,quantile,0.5,31
2023-02-25,inc hosp,2023-03-04,1,08,Colorado,quantile,0.55,31
2023-02-25,inc hosp,2023-03-04,1,08,Colorado,quantile,0.6,33
2023-02-25,inc hosp,2023-03-04,1,08,Colorado,quantile,0.65,37
2023-02-25,inc hosp,2023-03-04,1,08,Colorado,quantile,0.7,39
2023-02-25,inc hosp,2023-03-04,1,08,Colorado,quantile,0.75,41
2023-02-25,inc hosp,2023-03-04,1,08,Colorado,quantile,0.8,45
2023-02-25,inc hosp,2023-03-04,1,08,Colorado,quantile,0.85,49
2023-02-25,inc hosp,2023-03-04,1,08,Colorado,quantile,0.9,55
2023-02-25,inc hosp,2023-03-04,1,08,Colorado,quantile,0.95,63
2023-02-25,inc hosp,2023-03-04,1,08,Colorado,quantile,0.975,71
2023-02-25,inc hosp,2023-03-04,1,08,Colorado,quantile,0.99,86
2023-02-25,inc hosp,2023-03-11,2,08,Colorado,quantile,0.01,4
2023-02-25,inc hosp,2023-03-11,2,08,Colorado,quantile,0.025,6
2023-02-25,inc hosp,2023-03-11,2,08,Colorado,quantile,0.05,8
2023-02-25,inc hosp,2023-03-11,2,08,Colorado,quantile,0.1,10
2023-02-25,inc hosp,2023-03-11,2,08,Colorado,quantile,0.15,14
2023-02-25,inc hosp,2023-03-11,2,08,Colorado,quantile,0.2,16
2023-02-25,inc hosp,2023-03-11,2,08,Colorado,quantile,0.25,18
2023-02-25,inc hosp,2023-03-11,2,08,Colorado,quantile,0.3,20
2023-02-25,inc hosp,2023-03-11,2,08,Colorado,quantile,0.35,22
2023-02-25,inc hosp,2023-03-11,2,08,Colorado,quantile,0.4,24
2023-02-25,inc hosp,2023-03-11,2,08,Colorado,quantile,0.45,24
2023-02-25,inc hosp,2023-03-11,2,08,Colorado,quantile,0.5,27
2023-02-25,inc hosp,2023-03-11,2,08,Colorado,quantile,0.55,29
2023-02-25,inc hosp,2023-03-11,2,08,Colorado,quantile,0.6,33
2023-02-25,inc hosp,2023-03-11,2,08,Colorado,quantile,0.65,35
2023-02-25,inc hosp,2023-03-11,2,08,Colorado,quantile,0.7,39
2023-02-25,inc hosp,2023-03-11,2,08,Colorado,quantile,0.75,41
2023-02-25,inc hosp,2023-03-11,2,08,Colorado,quantile,0.8,45
2023-02-25,inc hosp,2023-03-11,2,08,Colorado,quantile,0.85,51
2023-02-25,inc hosp,2023-03-11,2,08,Colorado,quantile,0.9,59
2023-02-25,inc hosp,2023-03-11,2,08,Colorado,quantile,0.95,73
2023-02-25,inc hosp,2023-03-11,2,08,Colorado,quantile,0.975,86
2023-02-25,inc hosp,2023-03-11,2,08,Colorado,quantile,0.99,104
2023-02-25,inc hosp,2023-03-18,3,08,Colorado,quantile,0.01,2
2023-02-25,inc hosp,2023-03-18,3,08,Colorado,quantile,0.025,4
2023-02-25,inc hosp,2023-03-18,3,08,Colorado,quantile,0.05,6
2023-02-25,inc hosp,2023-03-18,3,08,Colorado,quantile,0.1,10
2023-02-25,inc hosp,2023-03-18,3,08,Colorado,quantile,0.15,12
2023-02-25,inc hosp,2023-03-18,3,08,Colorado,quantile,0.2,14
2023-02-25,inc hosp,2023-03-18,3,08,Colorado,quantile,0.25,16
2023-02-25,inc hosp,2023-03-18,3,08,Colorado,quantile,0.3,18
2023-02-25,inc hosp,2023-03-18,3,08,Colorado,quantile,0.35,18
2023-02-25,inc hosp,2023-03-18,3,08,Colorado,quantile,0.4,20
2023-02-25,inc hosp,2023-03-18,3,08,Colorado,quantile,0.45,24
2023-02-25,inc hosp,2023-03-18,3,08,Colorado,quantile,0.5,24
2023-02-25,inc hosp,2023-03-18,3,08,Colorado,quantile,0.55,29
2023-02-25,inc hosp,2023-03-18,3,08,Colorado,quantile,0.6,31
2023-02-25,inc hosp,2023-03-18,3,08,Colorado,quantile,0.65,35
2023-02-25,inc hosp,2023-03-18,3,08,Colorado,quantile,0.7,37
2023-02-25,inc hosp,2023-03-18,3,08,Colorado,quantile,0.75,41
2023-02-25,inc hosp,2023-03-18,3,08,Colorado,quantile,0.8,47
2023-02-25,inc hosp,2023-03-18,3,08,Colorado,quantile,0.85,53
2023-02-25,inc hosp,2023-03-18,3,08,Colorado,quantile,0.9,61
2023-02-25,inc hosp,2023-03-18,3,08,Colorado,quantile,0.95,78
2023-02-25,inc hosp,2023-03-18,3,08,Colorado,quantile,0.975,94
2023-02-25,inc hosp,2023-03-18,3,08,Colorado,quantile,0.99,116
2023-02-25,inc hosp,2023-03-25,4,08,Colorado,quantile,0.01,2
2023-02-25,inc hosp,2023-03-25,4,08,Colorado,quantile,0.025,4
2023-02-25,inc hosp,2023-03-25,4,08,Colorado,quantile,0.05,4
2023-02-25,inc hosp,2023-03-25,4,08,Colorado,quantile,0.1,8
2023-02-25,inc hosp,2023-03-25,4,08,Colorado,quantile,0.15,10
2023-02-25,inc hosp,2023-03-25,4,08,Colorado,quantile,0.2,12
2023-02-25,inc hosp,2023-03-25,4,08,Colorado,quantile,0.25,12
2023-02-25,inc hosp,2023-03-25,4,08,Colorado,quantile,0.3,14
2023-02-25,inc hosp,2023-03-25,4,08,Colorado,quantile,0.35,16
2023-02-25,inc hosp,2023-03-25,4,08,Colorado,quantile,0.4,18
2023-02-25,inc hosp,2023-03-25,4,08,Colorado,quantile,0.45,20
2023-02-25,inc hosp,2023-03-25,4,08,Colorado,quantile,0.5,22
2023-02-25,inc hosp,2023-03-25,4,08,Colorado,quantile,0.55,27
2023-02-25,inc hosp,2023-03-25,4,08,Colorado,quantile,0.6,29
2023-02-25,inc hosp,2023-03-25,4,08,Colorado,quantile,0.65,33
2023-02-25,inc hosp,2023-03-25,4,08,Colorado,quantile,0.7,35
2023-02-25,inc hosp,2023-03-25,4,08,Colorado,quantile,0.75,41
2023-02-25,inc hosp,2023-03-25,4,08,Colorado,quantile,0.8,45
2023-02-25,inc hosp,2023-03-25,4,08,Colorado,quantile,0.85,53
2023-02-25,inc hosp,2023-03-25,4,08,Colorado,quantile,0.9,63
2023-02-25,inc hosp,2023-03-25,4,08,Colorado,quantile,0.95,82
2023-02-25,inc hosp,2023-03-25,4,08,Colorado,quantile,0.975,108
2023-02-25,inc hosp,2023-03-25,4,08,Colorado,quantile,0.99,139
2023-02-25,inc hosp,2023-03-04,1,09,Connecticut,quantile,0.01,0
2023-02-25,inc hosp,2023-03-04,1,09,Connecticut,quantile,0.025,0
2023-02-25,inc hosp,2023-03-04,1,09,Connecticut,quantile,0.05,0
2023-02-25,inc hosp,2023-03-04,1,09,Connecticut,quantile,0.1,4
2023-02-25,inc hosp,2023-03-04,1,09,Connecticut,quantile,0.15,4
2023-02-25,inc hosp,2023-03-04,1,09,Connecticut,quantile,0.2,4
2023-02-25,inc hosp,2023-03-04,1,09,Connecticut,quantile,0.25,8
2023-02-25,inc hosp,2023-03-04,1,09,Connecticut,quantile,0.3,8
2023-02-25,inc hosp,2023-03-04,1,09,Connecticut,quantile,0.35,8
2023-02-25,inc hosp,2023-03-04,1,09,Connecticut,quantile,0.4,8
2023-02-25,inc hosp,2023-03-04,1,09,Connecticut,quantile,0.45,12
2023-02-25,inc hosp,2023-03-04,1,09,Connecticut,quantile,0.5,12
2023-02-25,inc hosp,2023-03-04,1,09,Connecticut,quantile,0.55,12
2023-02-25,inc hosp,2023-03-04,1,09,Connecticut,quantile,0.6,17
2023-02-25,inc hosp,2023-03-04,1,09,Connecticut,quantile,0.65,17
2023-02-25,inc hosp,2023-03-04,1,09,Connecticut,quantile,0.7,17
2023-02-25,inc hosp,2023-03-04,1,09,Connecticut,quantile,0.75,21
2023-02-25,inc hosp,2023-03-04,1,09,Connecticut,quantile,0.8,21
2023-02-25,inc hosp,2023-03-04,1,09,Connecticut,quantile,0.85,25
2023-02-25,inc hosp,2023-03-04,1,09,Connecticut,quantile,0.9,29
2023-02-25,inc hosp,2023-03-04,1,09,Connecticut,quantile,0.95,33
2023-02-25,inc hosp,2023-03-04,1,09,Connecticut,quantile,0.975,42
2023-02-25,inc hosp,2023-03-04,1,09,Connecticut,quantile,0.99,46
2023-02-25,inc hosp,2023-03-11,2,09,Connecticut,quantile,0.01,0
2023-02-25,inc hosp,2023-03-11,2,09,Connecticut,quantile,0.025,0
2023-02-25,inc hosp,2023-03-11,2,09,Connecticut,quantile,0.05,0
2023-02-25,inc hosp,2023-03-11,2,09,Connecticut,quantile,0.1,4
2023-02-25,inc hosp,2023-03-11,2,09,Connecticut,quantile,0.15,4
2023-02-25,inc hosp,2023-03-11,2,09,Connecticut,quantile,0.2,4
2023-02-25,inc hosp,2023-03-11,2,09,Connecticut,quantile,0.25,4
2023-02-25,inc hosp,2023-03-11,2,09,Connecticut,quantile,0.3,8
2023-02-25,inc hosp,2023-03-11,2,09,Connecticut,quantile,0.35,8
2023-02-25,inc hosp,2023-03-11,2,09,Connecticut,quantile,0.4,8
2023-02-25,inc hosp,2023-03-11,2,09,Connecticut,quantile,0.45,8
2023-02-25,inc hosp,2023-03-11,2,09,Connecticut,quantile,0.5,12
2023-02-25,inc hosp,2023-03-11,2,09,Connecticut,quantile,0.55,12
2023-02-25,inc hosp,2023-03-11,2,09,Connecticut,quantile,0.6,12
2023-02-25,inc hosp,2023-03-11,2,09,Connecticut,quantile,0.65,17
2023-02-25,inc hosp,2023-03-11,2,09,Connecticut,quantile,0.7,17
2023-02-25,inc hosp,2023-03-11,2,09,Connecticut,quantile,0.75,21
2023-02-25,inc hosp,2023-03-11,2,09,Connecticut,quantile,0.8,21
2023-02-25,inc hosp,2023-03-11,2,09,Connecticut,quantile,0.85,25
2023-02-25,inc hosp,2023-03-11,2,09,Connecticut,quantile,0.9,29
2023-02-25,inc hosp,2023-03-11,2,09,Connecticut,quantile,0.95,38
2023-02-25,inc hosp,2023-03-11,2,09,Connecticut,quantile,0.975,42
2023-02-25,inc hosp,2023-03-11,2,09,Connecticut,quantile,0.99,54
2023-02-25,inc hosp,2023-03-18,3,09,Connecticut,quantile,0.01,0
2023-02-25,inc hosp,2023-03-18,3,09,Connecticut,quantile,0.025,0
2023-02-25,inc hosp,2023-03-18,3,09,Connecticut,quantile,0.05,0
2023-02-25,inc hosp,2023-03-18,3,09,Connecticut,quantile,0.1,0
2023-02-25,inc hosp,2023-03-18,3,09,Connecticut,quantile,0.15,4
2023-02-25,inc hosp,2023-03-18,3,09,Connecticut,quantile,0.2,4
2023-02-25,inc hosp,2023-03-18,3,09,Connecticut,quantile,0.25,4
2023-02-25,inc hosp,2023-03-18,3,09,Connecticut,quantile,0.3,4
2023-02-25,inc hosp,2023-03-18,3,09,Connecticut,quantile,0.35,8
2023-02-25,inc hosp,2023-03-18,3,09,Connecticut,quantile,0.4,8
2023-02-25,inc hosp,2023-03-18,3,09,Connecticut,quantile,0.45,8
2023-02-25,inc hosp,2023-03-18,3,09,Connecticut,quantile,0.5,12
2023-02-25,inc hosp,2023-03-18,3,09,Connecticut,quantile,0.55,12
2023-02-25,inc hosp,2023-03-18,3,09,Connecticut,quantile,0.6,12
2023-02-25,inc hosp,2023-03-18,3,09,Connecticut,quantile,0.65,17
2023-02-25,inc hosp,2023-03-18,3,09,Connecticut,quantile,0.7,17
2023-02-25,inc hosp,2023-03-18,3,09,Connecticut,quantile,0.75,21
2023-02-25,inc hosp,2023-03-18,3,09,Connecticut,quantile,0.8,21
2023-02-25,inc hosp,2023-03-18,3,09,Connecticut,quantile,0.85,25
2023-02-25,inc hosp,2023-03-18,3,09,Connecticut,quantile,0.9,29
2023-02-25,inc hosp,2023-03-18,3,09,Connecticut,quantile,0.95,42
2023-02-25,inc hosp,2023-03-18,3,09,Connecticut,quantile,0.975,50
2023-02-25,inc hosp,2023-03-18,3,09,Connecticut,quantile,0.99,67
2023-02-25,inc hosp,2023-03-25,4,09,Connecticut,quantile,0.01,0
2023-02-25,inc hosp,2023-03-25,4,09,Connecticut,quantile,0.025,0
2023-02-25,inc hosp,2023-03-25,4,09,Connecticut,quantile,0.05,0
2023-02-25,inc hosp,2023-03-25,4,09,Connecticut,quantile,0.1,0
2023-02-25,inc hosp,2023-03-25,4,09,Connecticut,quantile,0.15,4
2023-02-25,inc hosp,2023-03-25,4,09,Connecticut,quantile,0.2,4
2023-02-25,inc hosp,2023-03-25,4,09,Connecticut,quantile,0.25,4
2023-02-25,inc hosp,2023-03-25,4,09,Connecticut,quantile,0.3,4
2023-02-25,inc hosp,2023-03-25,4,09,Connecticut,quantile,0.35,8
2023-02-25,inc hosp,2023-03-25,4,09,Connecticut,quantile,0.4,8
2023-02-25,inc hosp,2023-03-25,4,09,Connecticut,quantile,0.45,8
2023-02-25,inc hosp,2023-03-25,4,09,Connecticut,quantile,0.5,8
2023-02-25,inc hosp,2023-03-25,4,09,Connecticut,quantile,0.55,12
2023-02-25,inc hosp,2023-03-25,4,09,Connecticut,quantile,0.6,12
2023-02-25,inc hosp,2023-03-25,4,09,Connecticut,quantile,0.65,17
2023-02-25,inc hosp,2023-03-25,4,09,Connecticut,quantile,0.7,17
2023-02-25,inc hosp,2023-03-25,4,09,Connecticut,quantile,0.75,21
2023-02-25,inc hosp,2023-03-25,4,09,Connecticut,quantile,0.8,21
2023-02-25,inc hosp,2023-03-25,4,09,Connecticut,quantile,0.85,25
2023-02-25,inc hosp,2023-03-25,4,09,Connecticut,quantile,0.9,29
2023-02-25,inc hosp,2023-03-25,4,09,Connecticut,quantile,0.95,42
2023-02-25,inc hosp,2023-03-25,4,09,Connecticut,quantile,0.975,58
2023-02-25,inc hosp,2023-03-25,4,09,Connecticut,quantile,0.99,75
2023-02-25,inc hosp,2023-03-04,1,13,Georgia,quantile,0.01,3
2023-02-25,inc hosp,2023-03-04,1,13,Georgia,quantile,0.025,5
2023-02-25,inc hosp,2023-03-04,1,13,Georgia,quantile,0.05,5
2023-02-25,inc hosp,2023-03-04,1,13,Georgia,quantile,0.1,8
2023-02-25,inc hosp,2023-03-04,1,13,Georgia,quantile,0.15,10
2023-02-25,inc hosp,2023-03-04,1,13,Georgia,quantile,0.2,13
2023-02-25,inc hosp,2023-03-04,1,13,Georgia,quantile,0.25,13
2023-02-25,inc hosp,2023-03-04,1,13,Georgia,quantile,0.3,15
2023-02-25,inc hosp,2023-03-04,1,13,Georgia,quantile,0.35,15
2023-02-25,inc hosp,2023-03-04,1,13,Georgia,quantile,0.4,18
2023-02-25,inc hosp,2023-03-04,1,13,Georgia,quantile,0.45,18
2023-02-25,inc hosp,2023-03-04,1,13,Georgia,quantile,0.5,21
2023-02-25,inc hosp,2023-03-04,1,13,Georgia,quantile,0.55,23
2023-02-25,inc hosp,2023-03-04,1,13,Georgia,quantile,0.6,23
2023-02-25,inc hosp,2023-03-04,1,13,Georgia,quantile,0.65,26
2023-02-25,inc hosp,2023-03-04,1,13,Georgia,quantile,0.7,28
2023-02-25,inc hosp,2023-03-04,1,13,Georgia,quantile,0.75,31
2023-02-25,inc hosp,2023-03-04,1,13,Georgia,quantile,0.8,33
2023-02-25,inc hosp,2023-03-04,1,13,Georgia,quantile,0.85,36
2023-02-25,inc hosp,2023-03-04,1,13,Georgia,quantile,0.9,38
2023-02-25,inc hosp,2023-03-04,1,13,Georgia,quantile,0.95,46
2023-02-25,inc hosp,2023-03-04,1,13,Georgia,quantile,0.975,54
2023-02-25,inc hosp,2023-03-04,1,13,Georgia,quantile,0.99,62
2023-02-25,inc hosp,2023-03-11,2,13,Georgia,quantile,0.01,3
2023-02-25,inc hosp,2023-03-11,2,13,Georgia,quantile,0.025,3
2023-02-25,inc hosp,2023-03-11,2,13,Georgia,quantile,0.05,5
2023-02-25,inc hosp,2023-03-11,2,13,Georgia,quantile,0.1,8
2023-02-25,inc hosp,2023-03-11,2,13,Georgia,quantile,0.15,8
2023-02-25,inc hosp,2023-03-11,2,13,Georgia,quantile,0.2,10
2023-02-25,inc hosp,2023-03-11,2,13,Georgia,quantile,0.25,13
2023-02-25,inc hosp,2023-03-11,2,13,Georgia,quantile,0.3,13
2023-02-25,inc hosp,2023-03-11,2,13,Georgia,quantile,0.35,15
2023-02-25,inc hosp,2023-03-11,2,13,Georgia,quantile,0.4,15
2023-02-25,inc hosp,2023-03-11,2,13,Georgia,quantile,0.45,18
2023-02-25,inc hosp,2023-03-11,2,13,Georgia,quantile,0.5,21
2023-02-25,inc hosp,2023-03-11,2,13,Georgia,quantile,0.55,21
2023-02-25,inc hosp,2023-03-11,2,13,Georgia,quantile,0.6,23
2023-02-25,inc hosp,2023-03-11,2,13,Georgia,quantile,0.65,26
2023-02-25,inc hosp,2023-03-11,2,13,Georgia,quantile,0.7,28
2023-02-25,inc hosp,2023-03-11,2,13,Georgia,quantile,0.75,31
2023-02-25,inc hosp,2023-03-11,2,13,Georgia,quantile,0.8,33
2023-02-25,inc hosp,2023-03-11,2,13,Georgia,quantile,0.85,38
2023-02-25,inc hosp,2023-03-11,2,13,Georgia,quantile,0.9,44
2023-02-25,inc hosp,2023-03-11,2,13,Georgia,quantile,0.95,54
2023-02-25,inc hosp,2023-03-11,2,13,Georgia,quantile,0.975,67
2023-02-25,inc hosp,2023-03-11,2,13,Georgia,quantile,0.99,82
2023-02-25,inc hosp,2023-03-18,3,13,Georgia,quantile,0.01,0
2023-02-25,inc hosp,2023-03-18,3,13,Georgia,quantile,0.025,3
2023-02-25,inc hosp,2023-03-18,3,13,Georgia,quantile,0.05,3
2023-02-25,inc hosp,2023-03-18,3,13,Georgia,quantile,0.1,5
2023-02-25,inc hosp,2023-03-18,3,13,Georgia,quantile,0.15,8
2023-02-25,inc hosp,2023-03-18,3,13,Georgia,quantile,0.2,10
2023-02-25,inc hosp,2023-03-18,3,13,Georgia,quantile,0.25,10
2023-02-25,inc hosp,2023-03-18,3,13,Georgia,quantile,0.3,13
2023-02-25,inc hosp,2023-03-18,3,13,Georgia,quantile,0.35,13
2023-02-25,inc hosp,2023-03-18,3,13,Georgia,quantile,0.4,15
2023-02-25,inc hosp,2023-03-18,3,13,Georgia,quantile,0.45,18
2023-02-25,inc hosp,2023-03-18,3,13,Georgia,quantile,0.5,18
2023-02-25,inc hosp,2023-03-18,3,13,Georgia,quantile,0.55,21
2023-02-25,inc hosp,2023-03-18,3,13,Georgia,quantile,0.6,23
2023-02-25,inc hosp,2023-03-18,3,13,Georgia,quantile,0.65,26
2023-02-25,inc hosp,2023-03-18,3,13,Georgia,quantile,0.7,28
2023-02-25,inc hosp,2023-03-18,3,13,Georgia,quantile,0.75,31
2023-02-25,inc hosp,2023-03-18,3,13,Georgia,quantile,0.8,36
2023-02-25,inc hosp,2023-03-18,3,13,Georgia,quantile,0.85,38
2023-02-25,inc hosp,2023-03-18,3,13,Georgia,quantile,0.9,46
2023-02-25,inc hosp,2023-03-18,3,13,Georgia,quantile,0.95,62
2023-02-25,inc hosp,2023-03-18,3,13,Georgia,quantile,0.975,77
2023-02-25,inc hosp,2023-03-18,3,13,Georgia,quantile,0.99,100
2023-02-25,inc hosp,2023-03-25,4,13,Georgia,quantile,0.01,0
2023-02-25,inc hosp,2023-03-25,4,13,Georgia,quantile,0.025,3
2023-02-25,inc hosp,2023-03-25,4,13,Georgia,quantile,0.05,3
2023-02-25,inc hosp,2023-03-25,4,13,Georgia,quantile,0.1,5
2023-02-25,inc hosp,2023-03-25,4,13,Georgia,quantile,0.15,8
2023-02-25,inc hosp,2023-03-25,4,13,Georgia,quantile,0.2,8
2023-02-25,inc hosp,2023-03-25,4,13,Georgia,quantile,0.25,10
2023-02-25,inc hosp,2023-03-25,4,13,Georgia,quantile,0.3,10
2023-02-25,inc hosp,2023-03-25,4,13,Georgia,quantile,0.35,13
2023-02-25,inc hosp,2023-03-25,4,13,Georgia,quantile,0.4,15
2023-02-25,inc hosp,2023-03-25,4,13,Georgia,quantile,0.45,15
2023-02-25,inc hosp,2023-03-25,4,13,Georgia,quantile,0.5,18
2023-02-25,inc hosp,2023-03-25,4,13,Georgia,quantile,0.55,21
2023-02-25,inc hosp,2023-03-25,4,13,Georgia,quantile,0.6,23
2023-02-25,inc hosp,2023-03-25,4,13,Georgia,quantile,0.65,26
2023-02-25,inc hosp,2023-03-25,4,13,Georgia,quantile,0.7,28
2023-02-25,inc hosp,2023-03-25,4,13,Georgia,quantile,0.75,31
2023-02-25,inc hosp,2023-03-25,4,13,Georgia,quantile,0.8,36
2023-02-25,inc hosp,2023-03-25,4,13,Georgia,quantile,0.85,41
2023-02-25,inc hosp,2023-03-25,4,13,Georgia,quantile,0.9,51
2023-02-25,inc hosp,2023-03-25,4,13,Georgia,quantile,0.95,67
2023-02-25,inc hosp,2023-03-25,4,13,Georgia,quantile,0.975,85
2023-02-25,inc hosp,2023-03-25,4,13,Georgia,quantile,0.99,115
2023-02-25,inc hosp,2023-03-04,1,24,Maryland,quantile,0.01,0
2023-02-25,inc hosp,2023-03-04,1,24,Maryland,quantile,0.025,2
2023-02-25,inc hosp,2023-03-04,1,24,Maryland,quantile,0.05,2
2023-02-25,inc hosp,2023-03-04,1,24,Maryland,quantile,0.1,4
2023-02-25,inc hosp,2023-03-04,1,24,Maryland,quantile,0.15,7
2023-02-25,inc hosp,2023-03-04,1,24,Maryland,quantile,0.2,7
2023-02-25,inc hosp,2023-03-04,1,24,Maryland,quantile,0.25,9
2023-02-25,inc hosp,2023-03-04,1,24,Maryland,quantile,0.3,9
2023-02-25,inc hosp,2023-03-04,1,24,Maryland,quantile,0.35,11
2023-02-25,inc hosp,2023-03-04,1,24,Maryland,quantile,0.4,11
2023-02-25,inc hosp,2023-03-04,1,24,Maryland,quantile,0.45,11
2023-02-25,inc hosp,2023-03-04,1,24,Maryland,quantile,0.5,13
2023-02-25,inc hosp,2023-03-04,1,24,Maryland,quantile,0.55,13
2023-02-25,inc hosp,2023-03-04,1,24,Maryland,quantile,0.6,15
2023-02-25,inc hosp,2023-03-04,1,24,Maryland,quantile,0.65,15
2023-02-25,inc hosp,2023-03-04,1,24,Maryland,quantile,0.7,17
2023-02-25,inc hosp,2023-03-04,1,24,Maryland,quantile,0.75,17
2023-02-25,inc hosp,2023-03-04,1,24,Maryland,quantile,0.8,20
2023-02-25,inc hosp,2023-03-04,1,24,Maryland,quantile,0.85,22
2023-02-25,inc hosp,2023-03-04,1,24,Maryland,quantile,0.9,26
2023-02-25,inc hosp,2023-03-04,1,24,Maryland,quantile,0.95,30
2023-02-25,inc hosp,2023-03-04,1,24,Maryland,quantile,0.975,35
2023-02-25,inc hosp,2023-03-04,1,24,Maryland,quantile,0.99,41
2023-02-25,inc hosp,2023-03-11,2,24,Maryland,quantile,0.01,0
2023-02-25,inc hosp,2023-03-11,2,24,Maryland,quantile,0.025,2
2023-02-25,inc hosp,2023-03-11,2,24,Maryland,quantile,0.05,2
2023-02-25,inc hosp,2023-03-11,2,24,Maryland,quantile,0.1,4
2023-02-25,inc hosp,2023-03-11,2,24,Maryland,quantile,0.15,4
2023-02-25,inc hosp,2023-03-11,2,24,Maryland,quantile,0.2,7
2023-02-25,inc hosp,2023-03-11,2,24,Maryland,quantile,0.25,7
2023-02-25,inc hosp,2023-03-11,2,24,Maryland,quantile,0.3,9
2023-02-25,inc hosp,2023-03-11,2,24,Maryland,quantile,0.35,9
2023-02-25,inc hosp,2023-03-11,2,24,Maryland,quantile,0.4,9
2023-02-25,inc hosp,2023-03-11,2,24,Maryland,quantile,0.45,11
2023-02-25,inc hosp,2023-03-11,2,24,Maryland,quantile,0.5,11
2023-02-25,inc hosp,2023-03-11,2,24,Maryland,quantile,0.55,13
2023-02-25,inc hosp,2023-03-11,2,24,Maryland,quantile,0.6,13
2023-02-25,inc hosp,2023-03-11,2,24,Maryland,quantile,0.65,15
2023-02-25,inc hosp,2023-03-11,2,24,Maryland,quantile,0.7,17
2023-02-25,inc hosp,2023-03-11,2,24,Maryland,quantile,0.75,20
2023-02-25,inc hosp,2023-03-11,2,24,Maryland,quantile,0.8,22
2023-02-25,inc hosp,2023-03-11,2,24,Maryland,quantile,0.85,24
2023-02-25,inc hosp,2023-03-11,2,24,Maryland,quantile,0.9,28
2023-02-25,inc hosp,2023-03-11,2,24,Maryland,quantile,0.95,35
2023-02-25,inc hosp,2023-03-11,2,24,Maryland,quantile,0.975,41
2023-02-25,inc hosp,2023-03-11,2,24,Maryland,quantile,0.99,52
2023-02-25,inc hosp,2023-03-18,3,24,Maryland,quantile,0.01,0
2023-02-25,inc hosp,2023-03-18,3,24,Maryland,quantile,0.025,0
2023-02-25,inc hosp,2023-03-18,3,24,Maryland,quantile,0.05,2
2023-02-25,inc hosp,2023-03-18,3,24,Maryland,quantile,0.1,2
2023-02-25,inc hosp,2023-03-18,3,24,Maryland,quantile,0.15,4
2023-02-25,inc hosp,2023-03-18,3,24,Maryland,quantile,0.2,4
2023-02-25,inc hosp,2023-03-18,3,24,Maryland,quantile,0.25,7
2023-02-25,inc hosp,2023-03-18,3,24,Maryland,quantile,0.3,7
2023-02-25,inc hosp,2023-03-18,3,24,Maryland,quantile,0.35,9
2023-02-25,inc hosp,2023-03-18,3,24,Maryland,quantile,0.4,9
2023-02-25,inc hosp,2023-03-18,3,24,Maryland,quantile,0.45,11
2023-02-25,inc hosp,2023-03-18,3,24,Maryland,quantile,0.5,11
2023-02-25,inc hosp,2023-03-18,3,24,Maryland,quantile,0.55,13
2023-02-25,inc hosp,2023-03-18,3,24,Maryland,quantile,0.6,13
2023-02-25,inc hosp,2023-03-18,3,24,Maryland,quantile,0.65,15
2023-02-25,inc hosp,2023-03-18,3,24,Maryland,quantile,0.7,17
2023-02-25,inc hosp,2023-03-18,3,24,Maryland,quantile,0.75,20
2023-02-25,inc hosp,2023-03-18,3,24,Maryland,quantile,0.8,22
2023-02-25,inc hosp,2023-03-18,3,24,Maryland,quantile,0.85,24
2023-02-25,inc hosp,2023-03-18,3,24,Maryland,quantile,0.9,30
2023-02-25,inc hosp,2023-03-18,3,24,Maryland,quantile,0.95,37
2023-02-25,inc hosp,2023-03-18,3,24,Maryland,quantile,0.975,46
2023-02-25,inc hosp,2023-03-18,3,24,Maryland,quantile,0.99,59
2023-02-25,inc hosp,2023-03-25,4,24,Maryland,quantile,0.01,0
2023-02-25,inc hosp,2023-03-25,4,24,Maryland,quantile,0.025,0
2023-02-25,inc hosp,2023-03-25,4,24,Maryland,quantile,0.05,2
2023-02-25,inc hosp,2023-03-25,4,24,Maryland,quantile,0.1,2
2023-02-25,inc hosp,2023-03-25,4,24,Maryland,quantile,0.15,4
2023-02-25,inc hosp,2023-03-25,4,24,Maryland,quantile,0.2,4
2023-02-25,inc hosp,2023-03-25,4,24,Maryland,quantile,0.25,4
2023-02-25,inc hosp,2023-03-25,4,24,Maryland,quantile,0.3,7
2023-02-25,inc hosp,2023-03-25,4,24,Maryland,quantile,0.35,7
2023-02-25,inc hosp,2023-03-25,4,24,Maryland,quantile,0.4,9
2023-02-25,inc hosp,2023-03-25,4,24,Maryland,quantile,0.45,9
2023-02-25,inc hosp,2023-03-25,4,24,Maryland,quantile,0.5,11
2023-02-25,inc hosp,2023-03-25,4,24,Maryland,quantile,0.55,13
2023-02-25,inc hosp,2023-03-25,4,24,Maryland,quantile,0.6,13
2023-02-25,inc hosp,2023-03-25,4,24,Maryland,quantile,0.65,15
2023-02-25,inc hosp,2023-03-25,4,24,Maryland,quantile,0.7,17
2023-02-25,inc hosp,2023-03-25,4,24,Maryland,quantile,0.75,17
2023-02-25,inc hosp,2023-03-25,4,24,Maryland,quantile,0.8,22
2023-02-25,inc hosp,2023-03-25,4,24,Maryland,quantile,0.85,24
2023-02-25,inc hosp,2023-03-25,4,24,Maryland,quantile,0.9,30
2023-02-25,inc hosp,2023-03-25,4,24,Maryland,quantile,0.95,39
2023-02-25,inc hosp,2023-03-25,4,24,Maryland,quantile,0.975,50
2023-02-25,inc hosp,2023-03-25,4,24,Maryland,quantile,0.99,67
2023-02-25,inc hosp,2023-03-04,1,26,Michigan,quantile,0.01,0
2023-02-25,inc hosp,2023-03-04,1,26,Michigan,quantile,0.025,0
2023-02-25,inc hosp,2023-03-04,1,26,Michigan,quantile,0.05,0
2023-02-25,inc hosp,2023-03-04,1,26,Michigan,quantile,0.1,8
2023-02-25,inc hosp,2023-03-04,1,26,Michigan,quantile,0.15,8
2023-02-25,inc hosp,2023-03-04,1,26,Michigan,quantile,0.2,8
2023-02-25,inc hosp,2023-03-04,1,26,Michigan,quantile,0.25,8
2023-02-25,inc hosp,2023-03-04,1,26,Michigan,quantile,0.3,15
2023-02-25,inc hosp,2023-03-04,1,26,Michigan,quantile,0.35,15
2023-02-25,inc hosp,2023-03-04,1,26,Michigan,quantile,0.4,15
2023-02-25,inc hosp,2023-03-04,1,26,Michigan,quantile,0.45,15
2023-02-25,inc hosp,2023-03-04,1,26,Michigan,quantile,0.5,23
2023-02-25,inc hosp,2023-03-04,1,26,Michigan,quantile,0.55,23
2023-02-25,inc hosp,2023-03-04,1,26,Michigan,quantile,0.6,23
2023-02-25,inc hosp,2023-03-04,1,26,Michigan,quantile,0.65,31
2023-02-25,inc hosp,2023-03-04,1,26,Michigan,quantile,0.7,31
2023-02-25,inc hosp,2023-03-04,1,26,Michigan,quantile,0.75,31
2023-02-25,inc hosp,2023-03-04,1,26,Michigan,quantile,0.8,38
2023-02-25,inc hosp,2023-03-04,1,26,Michigan,quantile,0.85,38
2023-02-25,inc hosp,2023-03-04,1,26,Michigan,quantile,0.9,46
2023-02-25,inc hosp,2023-03-04,1,26,Michigan,quantile,0.95,62
2023-02-25,inc hosp,2023-03-04,1,26,Michigan,quantile,0.975,69
2023-02-25,inc hosp,2023-03-04,1,26,Michigan,quantile,0.99,85
2023-02-25,inc hosp,2023-03-11,2,26,Michigan,quantile,0.01,0
2023-02-25,inc hosp,2023-03-11,2,26,Michigan,quantile,0.025,0
2023-02-25,inc hosp,2023-03-11,2,26,Michigan,quantile,0.05,0
2023-02-25,inc hosp,2023-03-11,2,26,Michigan,quantile,0.1,0
2023-02-25,inc hosp,2023-03-11,2,26,Michigan,quantile,0.15,8
2023-02-25,inc hosp,2023-03-11,2,26,Michigan,quantile,0.2,8
2023-02-25,inc hosp,2023-03-11,2,26,Michigan,quantile,0.25,8
2023-02-25,inc hosp,2023-03-11,2,26,Michigan,quantile,0.3,8
2023-02-25,inc hosp,2023-03-11,2,26,Michigan,quantile,0.35,15
2023-02-25,inc hosp,2023-03-11,2,26,Michigan,quantile,0.4,15
2023-02-25,inc hosp,2023-03-11,2,26,Michigan,quantile,0.45,15
2023-02-25,inc hosp,2023-03-11,2,26,Michigan,quantile,0.5,23
2023-02-25,inc hosp,2023-03-11,2,26,Michigan,quantile,0.55,23
2023-02-25,inc hosp,2023-03-11,2,26,Michigan,quantile,0.6,23
2023-02-25,inc hosp,2023-03-11,2,26,Michigan,quantile,0.65,23
2023-02-25,inc hosp,2023-03-11,2,26,Michigan,quantile,0.7,31
2023-02-25,inc hosp,2023-03-11,2,26,Michigan,quantile,0.75,31
2023-02-25,inc hosp,2023-03-11,2,26,Michigan,quantile,0.8,38
2023-02-25,inc hosp,2023-03-11,2,26,Michigan,quantile,0.85,46
2023-02-25,inc hosp,2023-03-11,2,26,Michigan,quantile,0.9,46
2023-02-25,inc hosp,2023-03-11,2,26,Michigan,quantile,0.95,62
2023-02-25,inc hosp,2023-03-11,2,26,Michigan,quantile,0.975,77
2023-02-25,inc hosp,2023-03-11,2,26,Michigan,quantile,0.99,92
2023-02-25,inc hosp,2023-03-18,3,26,Michigan,quantile,0.01,0
2023-02-25,inc hosp,2023-03-18,3,26,Michigan,quantile,0.025,0
2023-02-25,inc hosp,2023-03-18,3,26,Michigan,quantile,0.05,0
2023-02-25,inc hosp,2023-03-18,3,26,Michigan,quantile,0.1,0
2023-02-25,inc hosp,2023-03-18,3,26,Michigan,quantile,0.15,8
2023-02-25,inc hosp,2023-03-18,3,26,Michigan,quantile,0.2,8
2023-02-25,inc hosp,2023-03-18,3,26,Michigan,quantile,0.25,8
2023-02-25,inc hosp,2023-03-18,3,26,Michigan,quantile,0.3,8
2023-02-25,inc hosp,2023-03-18,3,26,Michigan,quantile,0.35,15
2023-02-25,inc hosp,2023-03-18,3,26,Michigan,quantile,0.4,15
2023-02-25,inc hosp,2023-03-18,3,26,Michigan,quantile,0.45,15
2023-02-25,inc hosp,2023-03-18,3,26,Michigan,quantile,0.5,15
2023-02-25,inc hosp,2023-03-18,3,26,Michigan,quantile,0.55,23
2023-02-25,inc hosp,2023-03-18,3,26,Michigan,quantile,0.6,23
2023-02-25,inc hosp,2023-03-18,3,26,Michigan,quantile,0.65,23
2023-02-25,inc hosp,2023-03-18,3,26,Michigan,quantile,0.7,31
2023-02-25,inc hosp,2023-03-18,3,26,Michigan,quantile,0.75,31
2023-02-25,inc hosp,2023-03-18,3,26,Michigan,quantile,0.8,38
2023-02-25,inc hosp,2023-03-18,3,26,Michigan,quantile,0.85,46
2023-02-25,inc hosp,2023-03-18,3,26,Michigan,quantile,0.9,54
2023-02-25,inc hosp,2023-03-18,3,26,Michigan,quantile,0.95,69
2023-02-25,inc hosp,2023-03-18,3,26,Michigan,quantile,0.975,85
2023-02-25,inc hosp,2023-03-18,3,26,Michigan,quantile,0.99,115
2023-02-25,inc hosp,2023-03-25,4,26,Michigan,quantile,0.01,0
2023-02-25,inc hosp,2023-03-25,4,26,Michigan,quantile,0.025,0
2023-02-25,inc hosp,2023-03-25,4,26,Michigan,quantile,0.05,0
2023-02-25,inc hosp,2023-03-25,4,26,Michigan,quantile,0.1,0
2023-02-25,inc hosp,2023-03-25,4,26,Michigan,quantile,0.15,0
2023-02-25,inc hosp,2023-03-25,4,26,Michigan,quantile,0.2,8
2023-02-25,inc hosp,2023-03-25,4,26,Michigan,quantile,0.25,8
2023-02-25,inc hosp,2023-03-25,4,26,Michigan,quantile,0.3,8
2023-02-25,inc hosp,2023-03-25,4,26,Michigan,quantile,0.35,15
2023-02-25,inc hosp,2023-03-25,4,26,Michigan,quantile,0.4,15
2023-02-25,inc hosp,2023-03-25,4,26,Michigan,quantile,0.45,15
2023-02-25,inc hosp,2023-03-25,4,26,Michigan,quantile,0.5,15
2023-02-25,inc hosp,2023-03-25,4,26,Michigan,quantile,0.55,23
2023-02-25,inc hosp,2023-03-25,4,26,Michigan,quantile,0.6,23
2023-02-25,inc hosp,2023-03-25,4,26,Michigan,quantile,0.65,23
2023-02-25,inc hosp,2023-03-25,4,26,Michigan,quantile,0.7,31
2023-02-25,inc hosp,2023-03-25,4,26,Michigan,quantile,0.75,31
2023-02-25,inc hosp,2023-03-25,4,26,Michigan,quantile,0.8,38
2023-02-25,inc hosp,2023-03-25,4,26,Michigan,quantile,0.85,46
2023-02-25,inc hosp,2023-03-25,4,26,Michigan,quantile,0.9,54
2023-02-25,inc hosp,2023-03-25,4,26,Michigan,quantile,0.95,77
2023-02-25,inc hosp,2023-03-25,4,26,Michigan,quantile,0.975,92
2023-02-25,inc hosp,2023-03-25,4,26,Michigan,quantile,0.99,123
2023-02-25,inc hosp,2023-03-04,1,27,Minnesota,quantile,0.01,5
2023-02-25,inc hosp,2023-03-04,1,27,Minnesota,quantile,0.025,7
2023-02-25,inc hosp,2023-03-04,1,27,Minnesota,quantile,0.05,9
2023-02-25,inc hosp,2023-03-04,1,27,Minnesota,quantile,0.1,13
2023-02-25,inc hosp,2023-03-04,1,27,Minnesota,quantile,0.15,15
2023-02-25,inc hosp,2023-03-04,1,27,Minnesota,quantile,0.2,16
2023-02-25,inc hosp,2023-03-04,1,27,Minnesota,quantile,0.25,18
2023-02-25,inc hosp,2023-03-04,1,27,Minnesota,quantile,0.3,18
2023-02-25,inc hosp,2023-03-04,1,27,Minnesota,quantile,0.35,20
2023-02-25,inc hosp,2023-03-04,1,27,Minnesota,quantile,0.4,22
2023-02-25,inc hosp,2023-03-04,1,27,Minnesota,quantile,0.45,24
2023-02-25,inc hosp,2023-03-04,1,27,Minnesota,quantile,0.5,25
2023-02-25,inc hosp,2023-03-04,1,27,Minnesota,quantile,0.55,27
2023-02-25,inc hosp,2023-03-04,1,27,Minnesota,quantile,0.6,27
2023-02-25,inc hosp,2023-03-04,1,27,Minnesota,quantile,0.65,29
2023-02-25,inc hosp,2023-03-04,1,27,Minnesota,quantile,0.7,33
2023-02-25,inc hosp,2023-03-04,1,27,Minnesota,quantile,0.75,35
2023-02-25,inc hosp,2023-03-04,1,27,Minnesota,quantile,0.8,38
2023-02-25,inc hosp,2023-03-04,1,27,Minnesota,quantile,0.85,42
2023-02-25,inc hosp,2023-03-04,1,27,Minnesota,quantile,0.9,45
2023-02-25,inc hosp,2023-03-04,1,27,Minnesota,quantile,0.95,53
2023-02-25,inc hosp,2023-03-04,1,27,Minnesota,quantile,0.975,60
2023-02-25,inc hosp,2023-03-04,1,27,Minnesota,quantile,0.99,69
2023-02-25,inc hosp,2023-03-11,2,27,Minnesota,quantile,0.01,4
2023-02-25,inc hosp,2023-03-11,2,27,Minnesota,quantile,0.025,5
2023-02-25,inc hosp,2023-03-11,2,27,Minnesota,quantile,0.05,7
2023-02-25,inc hosp,2023-03-11,2,27,Minnesota,quantile,0.1,9
2023-02-25,inc hosp,2023-03-11,2,27,Minnesota,quantile,0.15,11
2023-02-25,inc hosp,2023-03-11,2,27,Minnesota,quantile,0.2,13
2023-02-25,inc hosp,2023-03-11,2,27,Minnesota,quantile,0.25,15
2023-02-25,inc hosp,2023-03-11,2,27,Minnesota,quantile,0.3,16
2023-02-25,inc hosp,2023-03-11,2,27,Minnesota,quantile,0.35,18
2023-02-25,inc hosp,2023-03-11,2,27,Minnesota,quantile,0.4,20
2023-02-25,inc hosp,2023-03-11,2,27,Minnesota,quantile,0.45,22
2023-02-25,inc hosp,2023-03-11,2,27,Minnesota,quantile,0.5,24
2023-02-25,inc hosp,2023-03-11,2,27,Minnesota,quantile,0.55,25
2023-02-25,inc hosp,2023-03-11,2,27,Minnesota,quantile,0.6,27
2023-02-25,inc hosp,2023-03-11,2,27,Minnesota,quantile,0.65,29
2023-02-25,inc hosp,2023-03-11,2,27,Minnesota,quantile,0.7,33
2023-02-25,inc hosp,2023-03-11,2,27,Minnesota,quantile,0.75,35
2023-02-25,inc hosp,2023-03-11,2,27,Minnesota,quantile,0.8,38
2023-02-25,inc hosp,2023-03-11,2,27,Minnesota,quantile,0.85,44
2023-02-25,inc hosp,2023-03-11,2,27,Minnesota,quantile,0.9,51
2023-02-25,inc hosp,2023-03-11,2,27,Minnesota,quantile,0.95,62
2023-02-25,inc hosp,2023-03-11,2,27,Minnesota,quantile,0.975,75
2023-02-25,inc hosp,2023-03-11,2,27,Minnesota,quantile,0.99,91
2023-02-25,inc hosp,2023-03-18,3,27,Minnesota,quantile,0.01,2
2023-02-25,inc hosp,2023-03-18,3,27,Minnesota,quantile,0.025,4
2023-02-25,inc hosp,2023-03-18,3,27,Minnesota,quantile,0.05,5
2023-02-25,inc hosp,2023-03-18,3,27,Minnesota,quantile,0.1,7
2023-02-25,inc hosp,2023-03-18,3,27,Minnesota,quantile,0.15,9
2023-02-25,inc hosp,2023-03-18,3,27,Minnesota,quantile,0.2,11
2023-02-25,inc hosp,2023-03-18,3,27,Minnesota,quantile,0.25,13
2023-02-25,inc hosp,2023-03-18,3,27,Minnesota,quantile,0.3,15
2023-02-25,inc hosp,2023-03-18,3,27,Minnesota,quantile,0.35,16
2023-02-25,inc hosp,2023-03-18,3,27,Minnesota,quantile,0.4,18
2023-02-25,inc hosp,2023-03-18,3,27,Minnesota,quantile,0.45,20
2023-02-25,inc hosp,2023-03-18,3,27,Minnesota,quantile,0.5,22
2023-02-25,inc hosp,2023-03-18,3,27,Minnesota,quantile,0.55,24
2023-02-25,inc hosp,2023-03-18,3,27,Minnesota,quantile,0.6,25
2023-02-25,inc hosp,2023-03-18,3,27,Minnesota,quantile,0.65,29
2023-02-25,inc hosp,2023-03-18,3,27,Minnesota,quantile,0.7,31
2023-02-25,inc hosp,2023-03-18,3,27,Minnesota,quantile,0.75,36
2023-02-25,inc hosp,2023-03-18,3,27,Minnesota,quantile,0.8,40
2023-02-25,inc hosp,2023-03-18,3,27,Minnesota,quantile,0.85,45
2023-02-25,inc hosp,2023-03-18,3,27,Minnesota,quantile,0.9,55
2023-02-25,inc hosp,2023-03-18,3,27,Minnesota,quantile,0.95,69
2023-02-25,inc hosp,2023-03-18,3,27,Minnesota,quantile,0.975,85
2023-02-25,inc hosp,2023-03-18,3,27,Minnesota,quantile,0.99,109
2023-02-25,inc hosp,2023-03-25,4,27,Minnesota,quantile,0.01,2
2023-02-25,inc hosp,2023-03-25,4,27,Minnesota,quantile,0.025,2
2023-02-25,inc hosp,2023-03-25,4,27,Minnesota,quantile,0.05,4
2023-02-25,inc hosp,2023-03-25,4,27,Minnesota,quantile,0.1,7
2023-02-25,inc hosp,2023-03-25,4,27,Minnesota,quantile,0.15,9
2023-02-25,inc hosp,2023-03-25,4,27,Minnesota,quantile,0.2,9
2023-02-25,inc hosp,2023-03-25,4,27,Minnesota,quantile,0.25,11
2023-02-25,inc hosp,2023-03-25,4,27,Minnesota,quantile,0.3,13
2023-02-25,inc hosp,2023-03-25,4,27,Minnesota,quantile,0.35,15
2023-02-25,inc hosp,2023-03-25,4,27,Minnesota,quantile,0.4,16
2023-02-25,inc hosp,2023-03-25,4,27,Minnesota,quantile,0.45,18
2023-02-25,inc hosp,2023-03-25,4,27,Minnesota,quantile,0.5,20
2023-02-25,inc hosp,2023-03-25,4,27,Minnesota,quantile,0.55,24
2023-02-25,inc hosp,2023-03-25,4,27,Minnesota,quantile,0.6,25
2023-02-25,inc hosp,2023-03-25,4,27,Minnesota,quantile,0.65,27
2023-02-25,inc hosp,2023-03-25,4,27,Minnesota,quantile,0.7,31
2023-02-25,inc hosp,2023-03-25,4,27,Minnesota,quantile,0.75,35
2023-02-25,inc hosp,2023-03-25,4,27,Minnesota,quantile,0.8,40
2023-02-25,inc hosp,2023-03-25,4,27,Minnesota,quantile,0.85,45
2023-02-25,inc hosp,2023-03-25,4,27,Minnesota,quantile,0.9,56
2023-02-25,inc hosp,2023-03-25,4,27,Minnesota,quantile,0.95,73
2023-02-25,inc hosp,2023-03-25,4,27,Minnesota,quantile,0.975,91
2023-02-25,inc hosp,2023-03-25,4,27,Minnesota,quantile,0.99,122
2023-02-25,inc hosp,2023-03-04,1,35,New Mexico,quantile,0.01,0
2023-02-25,inc hosp,2023-03-04,1,35,New Mexico,quantile,0.025,0
2023-02-25,inc hosp,2023-03-04,1,35,New Mexico,quantile,0.05,0
2023-02-25,inc hosp,2023-03-04,1,35,New Mexico,quantile,0.1,3
2023-02-25,inc hosp,2023-03-04,1,35,New Mexico,quantile,0.15,3
2023-02-25,inc hosp,2023-03-04,1,35,New Mexico,quantile,0.2,3
2023-02-25,inc hosp,2023-03-04,1,35,New Mexico,quantile,0.25,3
2023-02-25,inc hosp,2023-03-04,1,35,New Mexico,quantile,0.3,6
2023-02-25,inc hosp,2023-03-04,1,35,New Mexico,quantile,0.35,6
2023-02-25,inc hosp,2023-03-04,1,35,New Mexico,quantile,0.4,6
2023-02-25,inc hosp,2023-03-04,1,35,New Mexico,quantile,0.45,6
2023-02-25,inc hosp,2023-03-04,1,35,New Mexico,quantile,0.5,9
2023-02-25,inc hosp,2023-03-04,1,35,New Mexico,quantile,0.55,9
2023-02-25,inc hosp,2023-03-04,1,35,New Mexico,quantile,0.6,9
2023-02-25,inc hosp,2023-03-04,1,35,New Mexico,quantile,0.65,9
2023-02-25,inc hosp,2023-03-04,1,35,New Mexico,quantile,0.7,12
2023-02-25,inc hosp,2023-03-04,1,35,New Mexico,quantile,0.75,12
2023-02-25,inc hosp,2023-03-04,1,35,New Mexico,quantile,0.8,16
2023-02-25,inc hosp,2023-03-04,1,35,New Mexico,quantile,0.85,16
2023-02-25,inc hosp,2023-03-04,1,35,New Mexico,quantile,0.9,19
2023-02-25,inc hosp,2023-03-04,1,35,New Mexico,quantile,0.95,22
2023-02-25,inc hosp,2023-03-04,1,35,New Mexico,quantile,0.975,28
2023-02-25,inc hosp,2023-03-04,1,35,New Mexico,quantile,0.99,34
2023-02-25,inc hosp,2023-03-11,2,35,New Mexico,quantile,0.01,0
2023-02-25,inc hosp,2023-03-11,2,35,New Mexico,quantile,0.025,0
2023-02-25,inc hosp,2023-03-11,2,35,New Mexico,quantile,0.05,0
2023-02-25,inc hosp,2023-03-11,2,35,New Mexico,quantile,0.1,0
2023-02-25,inc hosp,2023-03-11,2,35,New Mexico,quantile,0.15,3
2023-02-25,inc hosp,2023-03-11,2,35,New Mexico,quantile,0.2,3
2023-02-25,inc hosp,2023-03-11,2,35,New Mexico,quantile,0.25,3
2023-02-25,inc hosp,2023-03-11,2,35,New Mexico,quantile,0.3,3
2023-02-25,inc hosp,2023-03-11,2,35,New Mexico,quantile,0.35,6
2023-02-25,inc hosp,2023-03-11,2,35,New Mexico,quantile,0.4,6
2023-02-25,inc hosp,2023-03-11,2,35,New Mexico,quantile,0.45,6
2023-02-25,inc hosp,2023-03-11,2,35,New Mexico,quantile,0.5,6
2023-02-25,inc hosp,2023-03-11,2,35,New Mexico,quantile,0.55,9
2023-02-25,inc hosp,2023-03-11,2,35,New Mexico,quantile,0.6,9
2023-02-25,inc hosp,2023-03-11,2,35,New Mexico,quantile,0.65,9
2023-02-25,inc hosp,2023-03-11,2,35,New Mexico,quantile,0.7,12
2023-02-25,inc hosp,2023-03-11,2,35,New Mexico,quantile,0.75,12
2023-02-25,inc hosp,2023-03-11,2,35,New Mexico,quantile,0.8,16
2023-02-25,inc hosp,2023-03-11,2,35,New Mexico,quantile,0.85,16
2023-02-25,inc hosp,2023-03-11,2,35,New Mexico,quantile,0.9,19
2023-02-25,inc hosp,2023-03-11,2,35,New Mexico,quantile,0.95,25
2023-02-25,inc hosp,2023-03-11,2,35,New Mexico,quantile,0.975,31
2023-02-25,inc hosp,2023-03-11,2,35,New Mexico,quantile,0.99,38
2023-02-25,inc hosp,2023-03-18,3,35,New Mexico,quantile,0.01,0
2023-02-25,inc hosp,2023-03-18,3,35,New Mexico,quantile,0.025,0
2023-02-25,inc hosp,2023-03-18,3,35,New Mexico,quantile,0.05,0
2023-02-25,inc hosp,2023-03-18,3,35,New Mexico,quantile,0.1,0
2023-02-25,inc hosp,2023-03-18,3,35,New Mexico,quantile,0.15,3
2023-02-25,inc hosp,2023-03-18,3,35,New Mexico,quantile,0.2,3
2023-02-25,inc hosp,2023-03-18,3,35,New Mexico,quantile,0.25,3
2023-02-25,inc hosp,2023-03-18,3,35,New Mexico,quantile,0.3,3
2023-02-25,inc hosp,2023-03-18,3,35,New Mexico,quantile,0.35,6
2023-02-25,inc hosp,2023-03-18,3,35,New Mexico,quantile,0.4,6
2023-02-25,inc hosp,2023-03-18,3,35,New Mexico,quantile,0.45,6
2023-02-25,inc hosp,2023-03-18,3,35,New Mexico,quantile,0.5,6
2023-02-25,inc hosp,2023-03-18,3,35,New Mexico,quantile,0.55,9
2023-02-25,inc hosp,2023-03-18,3,35,New Mexico,quantile,0.6,9
2023-02-25,inc hosp,2023-03-18,3,35,New Mexico,quantile,0.65,9
2023-02-25,inc hosp,2023-03-18,3,35,New Mexico,quantile,0.7,12
2023-02-25,inc hosp,2023-03-18,3,35,New Mexico,quantile,0.75,12
2023-02-25,inc hosp,2023-03-18,3,35,New Mexico,quantile,0.8,16
2023-02-25,inc hosp,2023-03-18,3,35,New Mexico,quantile,0.85,19
2023-02-25,inc hosp,2023-03-18,3,35,New Mexico,quantile,0.9,22
2023-02-25,inc hosp,2023-03-18,3,35,New Mexico,quantile,0.95,28
2023-02-25,inc hosp,2023-03-18,3,35,New Mexico,quantile,0.975,34
2023-02-25,inc hosp,2023-03-18,3,35,New Mexico,quantile,0.99,44
2023-02-25,inc hosp,2023-03-25,4,35,New Mexico,quantile,0.01,0
2023-02-25,inc hosp,2023-03-25,4,35,New Mexico,quantile,0.025,0
2023-02-25,inc hosp,2023-03-25,4,35,New Mexico,quantile,0.05,0
2023-02-25,inc hosp,2023-03-25,4,35,New Mexico,quantile,0.1,0
2023-02-25,inc hosp,2023-03-25,4,35,New Mexico,quantile,0.15,0
2023-02-25,inc hosp,2023-03-25,4,35,New Mexico,quantile,0.2,3
2023-02-25,inc hosp,2023-03-25,4,35,New Mexico,quantile,0.25,3
2023-02-25,inc hosp,2023-03-25,4,35,New Mexico,quantile,0.3,3
2023-02-25,inc hosp,2023-03-25,4,35,New Mexico,quantile,0.35,3
2023-02-25,inc hosp,2023-03-25,4,35,New Mexico,quantile,0.4,6
2023-02-25,inc hosp,2023-03-25,4,35,New Mexico,quantile,0.45,6
2023-02-25,inc hosp,2023-03-25,4,35,New Mexico,quantile,0.5,6
2023-02-25,inc hosp,2023-03-25,4,35,New Mexico,quantile,0.55,6
2023-02-25,inc hosp,2023-03-25,4,35,New Mexico,quantile,0.6,9
2023-02-25,inc hosp,2023-03-25,4,35,New Mexico,quantile,0.65,9
2023-02-25,inc hosp,2023-03-25,4,35,New Mexico,quantile,0.7,12
2023-02-25,inc hosp,2023-03-25,4,35,New Mexico,quantile,0.75,12
2023-02-25,inc hosp,2023-03-25,4,35,New Mexico,quantile,0.8,16
2023-02-25,inc hosp,2023-03-25,4,35,New Mexico,quantile,0.85,19
2023-02-25,inc hosp,2023-03-25,4,35,New Mexico,quantile,0.9,22
2023-02-25,inc hosp,2023-03-25,4,35,New Mexico,quantile,0.95,28
2023-02-25,inc hosp,2023-03-25,4,35,New Mexico,quantile,0.975,38
2023-02-25,inc hosp,2023-03-25,4,35,New Mexico,quantile,0.99,47
2023-02-25,inc hosp,2023-03-04,1,36,New York,quantile,0.01,0
2023-02-25,inc hosp,2023-03-04,1,36,New York,quantile,0.025,11
2023-02-25,inc hosp,2023-03-04,1,36,New York,quantile,0.05,11
2023-02-25,inc hosp,2023-03-04,1,36,New York,quantile,0.1,22
2023-02-25,inc hosp,2023-03-04,1,36,New York,quantile,0.15,22
2023-02-25,inc hosp,2023-03-04,1,36,New York,quantile,0.2,33
2023-02-25,inc hosp,2023-03-04,1,36,New York,quantile,0.25,33
2023-02-25,inc hosp,2023-03-04,1,36,New York,quantile,0.3,44
2023-02-25,inc hosp,2023-03-04,1,36,New York,quantile,0.35,44
2023-02-25,inc hosp,2023-03-04,1,36,New York,quantile,0.4,56
2023-02-25,inc hosp,2023-03-04,1,36,New York,quantile,0.45,56
2023-02-25,inc hosp,2023-03-04,1,36,New York,quantile,0.5,56
2023-02-25,inc hosp,2023-03-04,1,36,New York,quantile,0.55,67
2023-02-25,inc hosp,2023-03-04,1,36,New York,quantile,0.6,67
2023-02-25,inc hosp,2023-03-04,1,36,New York,quantile,0.65,78
2023-02-25,inc hosp,2023-03-04,1,36,New York,quantile,0.7,78
2023-02-25,inc hosp,2023-03-04,1,36,New York,quantile,0.75,89
2023-02-25,inc hosp,2023-03-04,1,36,New York,quantile,0.8,100
2023-02-25,inc hosp,2023-03-04,1,36,New York,quantile,0.85,111
2023-02-25,inc hosp,2023-03-04,1,36,New York,quantile,0.9,122
2023-02-25,inc hosp,2023-03-04,1,36,New York,quantile,0.95,144
2023-02-25,inc hosp,2023-03-04,1,36,New York,quantile,0.975,178
2023-02-25,inc hosp,2023-03-04,1,36,New York,quantile,0.99,200
2023-02-25,inc hosp,2023-03-11,2,36,New York,quantile,0.01,0
2023-02-25,inc hosp,2023-03-11,2,36,New York,quantile,0.025,0
2023-02-25,inc hosp,2023-03-11,2,36,New York,quantile,0.05,11
2023-02-25,inc hosp,2023-03-11,2,36,New York,quantile,0.1,22
2023-02-25,inc hosp,2023-03-11,2,36,New York,quantile,0.15,22
2023-02-25,inc hosp,2023-03-11,2,36,New York,quantile,0.2,33
2023-02-25,inc hosp,2023-03-11,2,36,New York,quantile,0.25,33
2023-02-25,inc hosp,2023-03-11,2,36,New York,quantile,0.3,33
2023-02-25,inc hosp,2023-03-11,2,36,New York,quantile,0.35,44
2023-02-25,inc hosp,2023-03-11,2,36,New York,quantile,0.4,44
2023-02-25,inc hosp,2023-03-11,2,36,New York,quantile,0.45,56
2023-02-25,inc hosp,2023-03-11,2,36,New York,quantile,0.5,56
2023-02-25,inc hosp,2023-03-11,2,36,New York,quantile,0.55,67
2023-02-25,inc hosp,2023-03-11,2,36,New York,quantile,0.6,67
2023-02-25,inc hosp,2023-03-11,2,36,New York,quantile,0.65,78
2023-02-25,inc hosp,2023-03-11,2,36,New York,quantile,0.7,78
2023-02-25,inc hosp,2023-03-11,2,36,New York,quantile,0.75,89
2023-02-25,inc hosp,2023-03-11,2,36,New York,quantile,0.8,100
2023-02-25,inc hosp,2023-03-11,2,36,New York,quantile,0.85,111
2023-02-25,inc hosp,2023-03-11,2,36,New York,quantile,0.9,133
2023-02-25,inc hosp,2023-03-11,2,36,New York,quantile,0.95,167
2023-02-25,inc hosp,2023-03-11,2,36,New York,quantile,0.975,200
2023-02-25,inc hosp,2023-03-11,2,36,New York,quantile,0.99,233
2023-02-25,inc hosp,2023-03-18,3,36,New York,quantile,0.01,0
2023-02-25,inc hosp,2023-03-18,3,36,New York,quantile,0.025,0
2023-02-25,inc hosp,2023-03-18,3,36,New York,quantile,0.05,11
2023-02-25,inc hosp,2023-03-18,3,36,New York,quantile,0.1,11
2023-02-25,inc hosp,2023-03-18,3,36,New York,quantile,0.15,22
2023-02-25,inc hosp,2023-03-18,3,36,New York,quantile,0.2,22
2023-02-25,inc hosp,2023-03-18,3,36,New York,quantile,0.25,33
2023-02-25,inc hosp,2023-03-18,3,36,New York,quantile,0.3,33
2023-02-25,inc hosp,2023-03-18,3,36,New York,quantile,0.35,33
2023-02-25,inc hosp,2023-03-18,3,36,New York,quantile,0.4,44
2023-02-25,inc hosp,2023-03-18,3,36,New York,quantile,0.45,44
2023-02-25,inc hosp,2023-03-18,3,36,New York,quantile,0.5,56
2023-02-25,inc hosp,2023-03-18,3,36,New York,quantile,0.55,56
2023-02-25,inc hosp,2023-03-18,3,36,New York,quantile,0.6,67
2023-02-25,inc hosp,2023-03-18,3,36,New York,quantile,0.65,78
2023-02-25,inc hosp,2023-03-18,3,36,New York,quantile,0.7,78
2023-02-25,inc hosp,2023-03-18,3,36,New York,quantile,0.75,89
2023-02-25,inc hosp,2023-03-18,3,36,New York,quantile,0.8,100
2023-02-25,inc hosp,2023-03-18,3,36,New York,quantile,0.85,122
2023-02-25,inc hosp,2023-03-18,3,36,New York,quantile,0.9,133
2023-02-25,inc hosp,2023-03-18,3,36,New York,quantile,0.95,178
2023-02-25,inc hosp,2023-03-18,3,36,New York,quantile,0.975,222
2023-02-25,inc hosp,2023-03-18,3,36,New York,quantile,0.99,278
2023-02-25,inc hosp,2023-03-25,4,36,New York,quantile,0.01,0
2023-02-25,inc hosp,2023-03-25,4,36,New York,quantile,0.025,0
2023-02-25,inc hosp,2023-03-25,4,36,New York,quantile,0.05,0
2023-02-25,inc hosp,2023-03-25,4,36,New York,quantile,0.1,11
2023-02-25,inc hosp,2023-03-25,4,36,New York,quantile,0.15,22
2023-02-25,inc hosp,2023-03-25,4,36,New York,quantile,0.2,22
2023-02-25,inc hosp,2023-03-25,4,36,New York,quantile,0.25,22
2023-02-25,inc hosp,2023-03-25,4,36,New York,quantile,0.3,33
2023-02-25,inc hosp,2023-03-25,4,36,New York,quantile,0.35,33
2023-02-25,inc hosp,2023-03-25,4,36,New York,quantile,0.4,44
2023-02-25,inc hosp,2023-03-25,4,36,New York,quantile,0.45,44
2023-02-25,inc hosp,2023-03-25,4,36,New York,quantile,0.5,56
2023-02-25,inc hosp,2023-03-25,4,36,New York,quantile,0.55,56
2023-02-25,inc hosp,2023-03-25,4,36,New York,quantile,0.6,67
2023-02-25,inc hosp,2023-03-25,4,36,New York,quantile,0.65,67
2023-02-25,inc hosp,2023-03-25,4,36,New York,quantile,0.7,78
2023-02-25,inc hosp,2023-03-25,4,36,New York,quantile,0.75,89
2023-02-25,inc hosp,2023-03-25,4,36,New York,quantile,0.8,100
2023-02-25,inc hosp,2023-03-25,4,36,New York,quantile,0.85,122
2023-02-25,inc hosp,2023-03-25,4,36,New York,quantile,0.9,144
2023-02-25,inc hosp,2023-03-25,4,36,New York,quantile,0.95,189
2023-02-25,inc hosp,2023-03-25,4,36,New York,quantile,0.975,244
2023-02-25,inc hosp,2023-03-25,4,36,New York,quantile,0.99,333
2023-02-25,inc hosp,2023-03-04,1,41,Oregon,quantile,0.01,0
2023-02-25,inc hosp,2023-03-04,1,41,Oregon,quantile,0.025,2
2023-02-25,inc hosp,2023-03-04,1,41,Oregon,quantile,0.05,2
2023-02-25,inc hosp,2023-03-04,1,41,Oregon,quantile,0.1,5
2023-02-25,inc hosp,2023-03-04,1,41,Oregon,quantile,0.15,5
2023-02-25,inc hosp,2023-03-04,1,41,Oregon,quantile,0.2,7
2023-02-25,inc hosp,2023-03-04,1,41,Oregon,quantile,0.25,7
2023-02-25,inc hosp,2023-03-04,1,41,Oregon,quantile,0.3,7
2023-02-25,inc hosp,2023-03-04,1,41,Oregon,quantile,0.35,9
2023-02-25,inc hosp,2023-03-04,1,41,Oregon,quantile,0.4,9
2023-02-25,inc hosp,2023-03-04,1,41,Oregon,quantile,0.45,12
2023-02-25,inc hosp,2023-03-04,1,41,Oregon,quantile,0.5,12
2023-02-25,inc hosp,2023-03-04,1,41,Oregon,quantile,0.55,12
2023-02-25,inc hosp,2023-03-04,1,41,Oregon,quantile,0.6,14
2023-02-25,inc hosp,2023-03-04,1,41,Oregon,quantile,0.65,14
2023-02-25,inc hosp,2023-03-04,1,41,Oregon,quantile,0.7,16
2023-02-25,inc hosp,2023-03-04,1,41,Oregon,quantile,0.75,19
2023-02-25,inc hosp,2023-03-04,1,41,Oregon,quantile,0.8,19
2023-02-25,inc hosp,2023-03-04,1,41,Oregon,quantile,0.85,21
2023-02-25,inc hosp,2023-03-04,1,41,Oregon,quantile,0.9,26
2023-02-25,inc hosp,2023-03-04,1,41,Oregon,quantile,0.95,30
2023-02-25,inc hosp,2023-03-04,1,41,Oregon,quantile,0.975,35
2023-02-25,inc hosp,2023-03-04,1,41,Oregon,quantile,0.99,42
2023-02-25,inc hosp,2023-03-11,2,41,Oregon,quantile,0.01,0
2023-02-25,inc hosp,2023-03-11,2,41,Oregon,quantile,0.025,0
2023-02-25,inc hosp,2023-03-11,2,41,Oregon,quantile,0.05,2
2023-02-25,inc hosp,2023-03-11,2,41,Oregon,quantile,0.1,2
2023-02-25,inc hosp,2023-03-11,2,41,Oregon,quantile,0.15,5
2023-02-25,inc hosp,2023-03-11,2,41,Oregon,quantile,0.2,5
2023-02-25,inc hosp,2023-03-11,2,41,Oregon,quantile,0.25,7
2023-02-25,inc hosp,2023-03-11,2,41,Oregon,quantile,0.3,7
2023-02-25,inc hosp,2023-03-11,2,41,Oregon,quantile,0.35,7
2023-02-25,inc hosp,2023-03-11,2,41,Oregon,quantile,0.4,9
2023-02-25,inc hosp,2023-03-11,2,41,Oregon,quantile,0.45,9
2023-02-25,inc hosp,2023-03-11,2,41,Oregon,quantile,0.5,12
2023-02-25,inc hosp,2023-03-11,2,41,Oregon,quantile,0.55,12
2023-02-25,inc hosp,2023-03-11,2,41,Oregon,quantile,0.6,14
2023-02-25,inc hosp,2023-03-11,2,41,Oregon,quantile,0.65,14
2023-02-25,inc hosp,2023-03-11,2,41,Oregon,quantile,0.7,16
2023-02-25,inc hosp,2023-03-11,2,41,Oregon,quantile,0.75,19
2023-02-25,inc hosp,2023-03-11,2,41,Oregon,quantile,0.8,21
2023-02-25,inc hosp,2023-03-11,2,41,Oregon,quantile,0.85,23
2023-02-25,inc hosp,2023-03-11,2,41,Oregon,quantile,0.9,26
2023-02-25,inc hosp,2023-03-11,2,41,Oregon,quantile,0.95,33
2023-02-25,inc hosp,2023-03-11,2,41,Oregon,quantile,0.975,37
2023-02-25,inc hosp,2023-03-11,2,41,Oregon,quantile,0.99,47
2023-02-25,inc hosp,2023-03-18,3,41,Oregon,quantile,0.01,0
2023-02-25,inc hosp,2023-03-18,3,41,Oregon,quantile,0.025,0
2023-02-25,inc hosp,2023-03-18,3,41,Oregon,quantile,0.05,2
2023-02-25,inc hosp,2023-03-18,3,41,Oregon,quantile,0.1,2
2023-02-25,inc hosp,2023-03-18,3,41,Oregon,quantile,0.15,5
2023-02-25,inc hosp,2023-03-18,3,41,Oregon,quantile,0.2,5
2023-02-25,inc hosp,2023-03-18,3,41,Oregon,quantile,0.25,5
2023-02-25,inc hosp,2023-03-18,3,41,Oregon,quantile,0.3,7
2023-02-25,inc hosp,2023-03-18,3,41,Oregon,quantile,0.35,7
2023-02-25,inc hosp,2023-03-18,3,41,Oregon,quantile,0.4,9
2023-02-25,inc hosp,2023-03-18,3,41,Oregon,quantile,0.45,9
2023-02-25,inc hosp,2023-03-18,3,41,Oregon,quantile,0.5,9
2023-02-25,inc hosp,2023-03-18,3,41,Oregon,quantile,0.55,12
2023-02-25,inc hosp,2023-03-18,3,41,Oregon,quantile,0.6,12
2023-02-25,inc hosp,2023-03-18,3,41,Oregon,quantile,0.65,14
2023-02-25,inc hosp,2023-03-18,3,41,Oregon,quantile,0.7,16
2023-02-25,inc hosp,2023-03-18,3,41,Oregon,quantile,0.75,19
2023-02-25,inc hosp,2023-03-18,3,41,Oregon,quantile,0.8,21
2023-02-25,inc hosp,2023-03-18,3,41,Oregon,quantile,0.85,23
2023-02-25,inc hosp,2023-03-18,3,41,Oregon,quantile,0.9,28
2023-02-25,inc hosp,2023-03-18,3,41,Oregon,quantile,0.95,35
2023-02-25,inc hosp,2023-03-18,3,41,Oregon,quantile,0.975,44
2023-02-25,inc hosp,2023-03-18,3,41,Oregon,quantile,0.99,56
2023-02-25,inc hosp,2023-03-25,4,41,Oregon,quantile,0.01,0
2023-02-25,inc hosp,2023-03-25,4,41,Oregon,quantile,0.025,0
2023-02-25,inc hosp,2023-03-25,4,41,Oregon,quantile,0.05,0
2023-02-25,inc hosp,2023-03-25,4,41,Oregon,quantile,0.1,2
2023-02-25,inc hosp,2023-03-25,4,41,Oregon,quantile,0.15,2
2023-02-25,inc hosp,2023-03-25,4,41,Oregon,quantile,0.2,5
2023-02-25,inc hosp,2023-03-25,4,41,Oregon,quantile,0.25,5
2023-02-25,inc hosp,2023-03-25,4,41,Oregon,quantile,0.3,5
2023-02-25,inc hosp,2023-03-25,4,41,Oregon,quantile,0.35,7
2023-02-25,inc hosp,2023-03-25,4,41,Oregon,quantile,0.4,7
2023-02-25,inc hosp,2023-03-25,4,41,Oregon,quantile,0.45,9
2023-02-25,inc hosp,2023-03-25,4,41,Oregon,quantile,0.5,9
2023-02-25,inc hosp,2023-03-25,4,41,Oregon,quantile,0.55,12
2023-02-25,inc hosp,2023-03-25,4,41,Oregon,quantile,0.6,12
2023-02-25,inc hosp,2023-03-25,4,41,Oregon,quantile,0.65,14
2023-02-25,inc hosp,2023-03-25,4,41,Oregon,quantile,0.7,14
2023-02-25,inc hosp,2023-03-25,4,41,Oregon,quantile,0.75,16
2023-02-25,inc hosp,2023-03-25,4,41,Oregon,quantile,0.8,19
2023-02-25,inc hosp,2023-03-25,4,41,Oregon,quantile,0.85,23
2023-02-25,inc hosp,2023-03-25,4,41,Oregon,quantile,0.9,28
2023-02-25,inc hosp,2023-03-25,4,41,Oregon,quantile,0.95,37
2023-02-25,inc hosp,2023-03-25,4,41,Oregon,quantile,0.975,47
2023-02-25,inc hosp,2023-03-25,4,41,Oregon,quantile,0.99,60
2023-02-25,inc hosp,2023-03-04,1,47,Tennessee,quantile,0.01,0
2023-02-25,inc hosp,2023-03-04,1,47,Tennessee,quantile,0.025,0
2023-02-25,inc hosp,2023-03-04,1,47,Tennessee,quantile,0.05,0
2023-02-25,inc hosp,2023-03-04,1,47,Tennessee,quantile,0.1,0
2023-02-25,inc hosp,2023-03-04,1,47,Tennessee,quantile,0.15,0
2023-02-25,inc hosp,2023-03-04,1,47,Tennessee,quantile,0.2,0
2023-02-25,inc hosp,2023-03-04,1,47,Tennessee,quantile,0.25,4
2023-02-25,inc hosp,2023-03-04,1,47,Tennessee,quantile,0.3,4
2023-02-25,inc hosp,2023-03-04,1,47,Tennessee,quantile,0.35,4
2023-02-25,inc hosp,2023-03-04,1,47,Tennessee,quantile,0.4,4
2023-02-25,inc hosp,2023-03-04,1,47,Tennessee,quantile,0.45,4
2023-02-25,inc hosp,2023-03-04,1,47,Tennessee,quantile,0.5,8
2023-02-25,inc hosp,2023-03-04,1,47,Tennessee,quantile,0.55,8
2023-02-25,inc hosp,2023-03-04,1,47,Tennessee,quantile,0.6,8
2023-02-25,inc hosp,2023-03-04,1,47,Tennessee,quantile,0.65,8
2023-02-25,inc hosp,2023-03-04,1,47,Tennessee,quantile,0.7,12
2023-02-25,inc hosp,2023-03-04,1,47,Tennessee,quantile,0.75,12
2023-02-25,inc hosp,2023-03-04,1,47,Tennessee,quantile,0.8,12
2023-02-25,inc hosp,2023-03-04,1,47,Tennessee,quantile,0.85,15
2023-02-25,inc hosp,2023-03-04,1,47,Tennessee,quantile,0.9,15
2023-02-25,inc hosp,2023-03-04,1,47,Tennessee,quantile,0.95,19
2023-02-25,inc hosp,2023-03-04,1,47,Tennessee,quantile,0.975,23
2023-02-25,inc hosp,2023-03-04,1,47,Tennessee,quantile,0.99,27
2023-02-25,inc hosp,2023-03-11,2,47,Tennessee,quantile,0.01,0
2023-02-25,inc hosp,2023-03-11,2,47,Tennessee,quantile,0.025,0
2023-02-25,inc hosp,2023-03-11,2,47,Tennessee,quantile,0.05,0
2023-02-25,inc hosp,2023-03-11,2,47,Tennessee,quantile,0.1,0
2023-02-25,inc hosp,2023-03-11,2,47,Tennessee,quantile,0.15,0
2023-02-25,inc hosp,2023-03-11,2,47,Tennessee,quantile,0.2,0
2023-02-25,inc hosp,2023-03-11,2,47,Tennessee,quantile,0.25,4
2023-02-25,inc hosp,2023-03-11,2,47,Tennessee,quantile,0.3,4
2023-02-25,inc hosp,2023-03-11,2,47,Tennessee,quantile,0.35,4
2023-02-25,inc hosp,2023-03-11,2,47,Tennessee,quantile,0.4,4
2023-02-25,inc hosp,2023-03-11,2,47,Tennessee,quantile,0.45,4
2023-02-25,inc hosp,2023-03-11,2,47,Tennessee,quantile,0.5,8
2023-02-25,inc hosp,2023-03-11,2,47,Tennessee,quantile,0.55,8
2023-02-25,inc hosp,2023-03-11,2,47,Tennessee,quantile,0.6,8
2023-02-25,inc hosp,2023-03-11,2,47,Tennessee,quantile,0.65,8
2023-02-25,inc hosp,2023-03-11,2,47,Tennessee,quantile,0.7,12
2023-02-25,inc hosp,2023-03-11,2,47,Tennessee,quantile,0.75,12
2023-02-25,inc hosp,2023-03-11,2,47,Tennessee,quantile,0.8,12
2023-02-25,inc hosp,2023-03-11,2,47,Tennessee,quantile,0.85,15
2023-02-25,inc hosp,2023-03-11,2,47,Tennessee,quantile,0.9,19
2023-02-25,inc hosp,2023-03-11,2,47,Tennessee,quantile,0.95,23
2023-02-25,inc hosp,2023-03-11,2,47,Tennessee,quantile,0.975,27
2023-02-25,inc hosp,2023-03-11,2,47,Tennessee,quantile,0.99,35
2023-02-25,inc hosp,2023-03-18,3,47,Tennessee,quantile,0.01,0
2023-02-25,inc hosp,2023-03-18,3,47,Tennessee,quantile,0.025,0
2023-02-25,inc hosp,2023-03-18,3,47,Tennessee,quantile,0.05,0
2023-02-25,inc hosp,2023-03-18,3,47,Tennessee,quantile,0.1,0
2023-02-25,inc hosp,2023-03-18,3,47,Tennessee,quantile,0.15,0
2023-02-25,inc hosp,2023-03-18,3,47,Tennessee,quantile,0.2,0
2023-02-25,inc hosp,2023-03-18,3,47,Tennessee,quantile,0.25,4
2023-02-25,inc hosp,2023-03-18,3,47,Tennessee,quantile,0.3,4
2023-02-25,inc hosp,2023-03-18,3,47,Tennessee,quantile,0.35,4
2023-02-25,inc hosp,2023-03-18,3,47,Tennessee,quantile,0.4,4
2023-02-25,inc hosp,2023-03-18,3,47,Tennessee,quantile,0.45,4
2023-02-25,inc hosp,2023-03-18,3,47,Tennessee,quantile,0.5,8
2023-02-25,inc hosp,2023-03-18,3,47,Tennessee,quantile,0.55,8
2023-02-25,inc hosp,2023-03-18,3,47,Tennessee,quantile,0.6,8
2023-02-25,inc hosp,2023-03-18,3,47,Tennessee,quantile,0.65,8
2023-02-25,inc hosp,2023-03-18,3,47,Tennessee,quantile,0.7,12
2023-02-25,inc hosp,2023-03-18,3,47,Tennessee,quantile,0.75,12
2023-02-25,inc hosp,2023-03-18,3,47,Tennessee,quantile,0.8,12
2023-02-25,inc hosp,2023-03-18,3,47,Tennessee,quantile,0.85,15
2023-02-25,inc hosp,2023-03-18,3,47,Tennessee,quantile,0.9,19
2023-02-25,inc hosp,2023-03-18,3,47,Tennessee,quantile,0.95,23
2023-02-25,inc hosp,2023-03-18,3,47,Tennessee,quantile,0.975,31
2023-02-25,inc hosp,2023-03-18,3,47,Tennessee,quantile,0.99,38
2023-02-25,inc hosp,2023-03-25,4,47,Tennessee,quantile,0.01,0
2023-02-25,inc hosp,2023-03-25,4,47,Tennessee,quantile,0.025,0
2023-02-25,inc hosp,2023-03-25,4,47,Tennessee,quantile,0.05,0
2023-02-25,inc hosp,2023-03-25,4,47,Tennessee,quantile,0.1,0
2023-02-25,inc hosp,2023-03-25,4,47,Tennessee,quantile,0.15,0
2023-02-25,inc hosp,2023-03-25,4,47,Tennessee,quantile,0.2,0
2023-02-25,inc hosp,2023-03-25,4,47,Tennessee,quantile,0.25,0
2023-02-25,inc hosp,2023-03-25,4,47,Tennessee,quantile,0.3,4
2023-02-25,inc hosp,2023-03-25,4,47,Tennessee,quantile,0.35,4
2023-02-25,inc hosp,2023-03-25,4,47,Tennessee,quantile,0.4,4
2023-02-25,inc hosp,2023-03-25,4,47,Tennessee,quantile,0.45,4
2023-02-25,inc hosp,2023-03-25,4,47,Tennessee,quantile,0.5,4
2023-02-25,inc hosp,2023-03-25,4,47,Tennessee,quantile,0.55,8
2023-02-25,inc hosp,2023-03-25,4,47,Tennessee,quantile,0.6,8
2023-02-25,inc hosp,2023-03-25,4,47,Tennessee,quantile,0.65,8
2023-02-25,inc hosp,2023-03-25,4,47,Tennessee,quantile,0.7,12
2023-02-25,inc hosp,2023-03-25,4,47,Tennessee,quantile,0.75,12
2023-02-25,inc hosp,2023-03-25,4,47,Tennessee,quantile,0.8,15
2023-02-25,inc hosp,2023-03-25,4,47,Tennessee,quantile,0.85,15
2023-02-25,inc hosp,2023-03-25,4,47,Tennessee,quantile,0.9,19
2023-02-25,inc hosp,2023-03-25,4,47,Tennessee,quantile,0.95,27
2023-02-25,inc hosp,2023-03-25,4,47,Tennessee,quantile,0.975,35
2023-02-25,inc hosp,2023-03-25,4,47,Tennessee,quantile,0.99,42
2023-02-25,inc hosp,2023-03-04,1,49,Utah,quantile,0.01,3
2023-02-25,inc hosp,2023-03-04,1,49,Utah,quantile,0.025,3
2023-02-25,inc hosp,2023-03-04,1,49,Utah,quantile,0.05,6
2023-02-25,inc hosp,2023-03-04,1,49,Utah,quantile,0.1,8
2023-02-25,inc hosp,2023-03-04,1,49,Utah,quantile,0.15,8
2023-02-25,inc hosp,2023-03-04,1,49,Utah,quantile,0.2,11
2023-02-25,inc hosp,2023-03-04,1,49,Utah,quantile,0.25,11
2023-02-25,inc hosp,2023-03-04,1,49,Utah,quantile,0.3,14
2023-02-25,inc hosp,2023-03-04,1,49,Utah,quantile,0.35,14
2023-02-25,inc hosp,2023-03-04,1,49,Utah,quantile,0.4,17
2023-02-25,inc hosp,2023-03-04,1,49,Utah,quantile,0.45,17
2023-02-25,inc hosp,2023-03-04,1,49,Utah,quantile,0.5,19
2023-02-25,inc hosp,2023-03-04,1,49,Utah,quantile,0.55,19
2023-02-25,inc hosp,2023-03-04,1,49,Utah,quantile,0.6,22
2023-02-25,inc hosp,2023-03-04,1,49,Utah,quantile,0.65,22
2023-02-25,inc hosp,2023-03-04,1,49,Utah,quantile,0.7,25
2023-02-25,inc hosp,2023-03-04,1,49,Utah,quantile,0.75,28
2023-02-25,inc hosp,2023-03-04,1,49,Utah,quantile,0.8,31
2023-02-25,inc hosp,2023-03-04,1,49,Utah,quantile,0.85,33
2023-02-25,inc hosp,2023-03-04,1,49,Utah,quantile,0.9,36
2023-02-25,inc hosp,2023-03-04,1,49,Utah,quantile,0.95,44
2023-02-25,inc hosp,2023-03-04,1,49,Utah,quantile,0.975,53
2023-02-25,inc hosp,2023-03-04,1,49,Utah,quantile,0.99,61
2023-02-25,inc hosp,2023-03-11,2,49,Utah,quantile,0.01,0
2023-02-25,inc hosp,2023-03-11,2,49,Utah,quantile,0.025,3
2023-02-25,inc hosp,2023-03-11,2,49,Utah,quantile,0.05,3
2023-02-25,inc hosp,2023-03-11,2,49,Utah,quantile,0.1,6
2023-02-25,inc hosp,2023-03-11,2,49,Utah,quantile,0.15,8
2023-02-25,inc hosp,2023-03-11,2,49,Utah,quantile,0.2,8
2023-02-25,inc hosp,2023-03-11,2,49,Utah,quantile,0.25,11
2023-02-25,inc hosp,2023-03-11,2,49,Utah,quantile,0.3,11
2023-02-25,inc hosp,2023-03-11,2,49,Utah,quantile,0.35,14
2023-02-25,inc hosp,2023-03-11,2,49,Utah,quantile,0.4,14
2023-02-25,inc hosp,2023-03-11,2,49,Utah,quantile,0.45,17
2023-02-25,inc hosp,2023-03-11,2,49,Utah,quantile,0.5,17
2023-02-25,inc hosp,2023-03-11,2,49,Utah,quantile,0.55,19
2023-02-25,inc hosp,2023-03-11,2,49,Utah,quantile,0.6,19
2023-02-25,inc hosp,2023-03-11,2,49,Utah,quantile,0.65,22
2023-02-25,inc hosp,2023-03-11,2,49,Utah,quantile,0.7,25
2023-02-25,inc hosp,2023-03-11,2,49,Utah,quantile,0.75,28
2023-02-25,inc hosp,2023-03-11,2,49,Utah,quantile,0.8,31
2023-02-25,inc hosp,2023-03-11,2,49,Utah,quantile,0.85,33
2023-02-25,inc hosp,2023-03-11,2,49,Utah,quantile,0.9,39
2023-02-25,inc hosp,2023-03-11,2,49,Utah,quantile,0.95,50
2023-02-25,inc hosp,2023-03-11,2,49,Utah,quantile,0.975,58
2023-02-25,inc hosp,2023-03-11,2,49,Utah,quantile,0.99,69
2023-02-25,inc hosp,2023-03-18,3,49,Utah,quantile,0.01,0
2023-02-25,inc hosp,2023-03-18,3,49,Utah,quantile,0.025,0
2023-02-25,inc hosp,2023-03-18,3,49,Utah,quantile,0.05,3
2023-02-25,inc hosp,2023-03-18,3,49,Utah,quantile,0.1,6
2023-02-25,inc hosp,2023-03-18,3,49,Utah,quantile,0.15,6
2023-02-25,inc hosp,2023-03-18,3,49,Utah,quantile,0.2,8
2023-02-25,inc hosp,2023-03-18,3,49,Utah,quantile,0.25,8
2023-02-25,inc hosp,2023-03-18,3,49,Utah,quantile,0.3,11
2023-02-25,inc hosp,2023-03-18,3,49,Utah,quantile,0.35,11
2023-02-25,inc hosp,2023-03-18,3,49,Utah,quantile,0.4,14
2023-02-25,inc hosp,2023-03-18,3,49,Utah,quantile,0.45,14
2023-02-25,inc hosp,2023-03-18,3,49,Utah,quantile,0.5,17
2023-02-25,inc hosp,2023-03-18,3,49,Utah,quantile,0.55,17
2023-02-25,inc hosp,2023-03-18,3,49,Utah,quantile,0.6,19
2023-02-25,inc hosp,2023-03-18,3,49,Utah,quantile,0.65,22
2023-02-25,inc hosp,2023-03-18,3,49,Utah,quantile,0.7,25
2023-02-25,inc hosp,2023-03-18,3,49,Utah,quantile,0.75,28
2023-02-25,inc hosp,2023-03-18,3,49,Utah,quantile,0.8,31
2023-02-25,inc hosp,2023-03-18,3,49,Utah,quantile,0.85,36
2023-02-25,inc hosp,2023-03-18,3,49,Utah,quantile,0.9,42
2023-02-25,inc hosp,2023-03-18,3,49,Utah,quantile,0.95,53
2023-02-25,inc hosp,2023-03-18,3,49,Utah,quantile,0.975,64
2023-02-25,inc hosp,2023-03-18,3,49,Utah,quantile,0.99,83
2023-02-25,inc hosp,2023-03-25,4,49,Utah,quantile,0.01,0
2023-02-25,inc hosp,2023-03-25,4,49,Utah,quantile,0.025,0
2023-02-25,inc hosp,2023-03-25,4,49,Utah,quantile,0.05,3
2023-02-25,inc hosp,2023-03-25,4,49,Utah,quantile,0.1,3
2023-02-25,inc hosp,2023-03-25,4,49,Utah,quantile,0.15,6
2023-02-25,inc hosp,2023-03-25,4,49,Utah,quantile,0.2,6
2023-02-25,inc hosp,2023-03-25,4,49,Utah,quantile,0.25,8
2023-02-25,inc hosp,2023-03-25,4,49,Utah,quantile,0.3,8
2023-02-25,inc hosp,2023-03-25,4,49,Utah,quantile,0.35,11
2023-02-25,inc hosp,2023-03-25,4,49,Utah,quantile,0.4,11
2023-02-25,inc hosp,2023-03-25,4,49,Utah,quantile,0.45,14
2023-02-25,inc hosp,2023-03-25,4,49,Utah,quantile,0.5,14
2023-02-25,inc hosp,2023-03-25,4,49,Utah,quantile,0.55,17
2023-02-25,inc hosp,2023-03-25,4,49,Utah,quantile,0.6,19
2023-02-25,inc hosp,2023-03-25,4,49,Utah,quantile,0.65,22
2023-02-25,inc hosp,2023-03-25,4,49,Utah,quantile,0.7,22
2023-02-25,inc hosp,2023-03-25,4,49,Utah,quantile,0.75,28
2023-02-25,inc hosp,2023-03-25,4,49,Utah,quantile,0.8,31
2023-02-25,inc hosp,2023-03-25,4,49,Utah,quantile,0.85,36
2023-02-25,inc hosp,2023-03-25,4,49,Utah,quantile,0.9,42
2023-02-25,inc hosp,2023-03-25,4,49,Utah,quantile,0.95,56
2023-02-25,inc hosp,2023-03-25,4,49,Utah,quantile,0.975,72
2023-02-25,inc hosp,2023-03-25,4,49,Utah,quantile,0.99,97
2023-02-25,inc hosp,2023-03-04,1,US,US,quantile,0.01,487
2023-02-25,inc hosp,2023-03-04,1,US,US,quantile,0.025,550
2023-02-25,inc hosp,2023-03-04,1,US,US,quantile,0.05,625
2023-02-25,inc hosp,2023-03-04,1,US,US,quantile,0.1,725
2023-02-25,inc hosp,2023-03-04,1,US,US,quantile,0.15,788
2023-02-25,inc hosp,2023-03-04,1,US,US,quantile,0.2,837
2023-02-25,inc hosp,2023-03-04,1,US,US,quantile,0.25,887
2023-02-25,inc hosp,2023-03-04,1,US,US,quantile,0.3,938
2023-02-25,inc hosp,2023-03-04,1,US,US,quantile,0.35,975
2023-02-25,inc hosp,2023-03-04,1,US,US,quantile,0.4,1025
2023-02-25,inc hosp,2023-03-04,1,US,US,quantile,0.45,1075
2023-02-25,inc hosp,2023-03-04,1,US,US,quantile,0.5,1112
2023-02-25,inc hosp,2023-03-04,1,US,US,quantile,0.55,1162
2023-02-25,inc hosp,2023-03-04,1,US,US,quantile,0.6,1212
2023-02-25,inc hosp,2023-03-04,1,US,US,quantile,0.65,1275
2023-02-25,inc hosp,2023-03-04,1,US,US,quantile,0.7,1338
2023-02-25,inc hosp,2023-03-04,1,US,US,quantile,0.75,1400
2023-02-25,inc hosp,2023-03-04,1,US,US,quantile,0.8,1475
2023-02-25,inc hosp,2023-03-04,1,US,US,quantile,0.85,1562
2023-02-25,inc hosp,2023-03-04,1,US,US,quantile,0.9,1700
2023-02-25,inc hosp,2023-03-04,1,US,US,quantile,0.95,1912
2023-02-25,inc hosp,2023-03-04,1,US,US,quantile,0.975,2125
2023-02-25,inc hosp,2023-03-04,1,US,US,quantile,0.99,2400
2023-02-25,inc hosp,2023-03-11,2,US,US,quantile,0.01,350
2023-02-25,inc hosp,2023-03-11,2,US,US,quantile,0.025,425
2023-02-25,inc hosp,2023-03-11,2,US,US,quantile,0.05,500
2023-02-25,inc hosp,2023-03-11,2,US,US,quantile,0.1,600
2023-02-25,inc hosp,2023-03-11,2,US,US,quantile,0.15,675
2023-02-25,inc hosp,2023-03-11,2,US,US,quantile,0.2,738
2023-02-25,inc hosp,2023-03-11,2,US,US,quantile,0.25,800
2023-02-25,inc hosp,2023-03-11,2,US,US,quantile,0.3,850
2023-02-25,inc hosp,2023-03-11,2,US,US,quantile,0.35,912
2023-02-25,inc hosp,2023-03-11,2,US,US,quantile,0.4,962
2023-02-25,inc hosp,2023-03-11,2,US,US,quantile,0.45,1025
2023-02-25,inc hosp,2023-03-11,2,US,US,quantile,0.5,1088
2023-02-25,inc hosp,2023-03-11,2,US,US,quantile,0.55,1162
2023-02-25,inc hosp,2023-03-11,2,US,US,quantile,0.6,1225
2023-02-25,inc hosp,2023-03-11,2,US,US,quantile,0.65,1300
2023-02-25,inc hosp,2023-03-11,2,US,US,quantile,0.7,1375
2023-02-25,inc hosp,2023-03-11,2,US,US,quantile,0.75,1475
2023-02-25,inc hosp,2023-03-11,2,US,US,quantile,0.8,1575
2023-02-25,inc hosp,2023-03-11,2,US,US,quantile,0.85,1712
2023-02-25,inc hosp,2023-03-11,2,US,US,quantile,0.9,1888
2023-02-25,inc hosp,2023-03-11,2,US,US,quantile,0.95,2212
2023-02-25,inc hosp,2023-03-11,2,US,US,quantile,0.975,2612
2023-02-25,inc hosp,2023-03-11,2,US,US,quantile,0.99,3062
2023-02-25,inc hosp,2023-03-18,3,US,US,quantile,0.01,262
2023-02-25,inc hosp,2023-03-18,3,US,US,quantile,0.025,337
2023-02-25,inc hosp,2023-03-18,3,US,US,quantile,0.05,412
2023-02-25,inc hosp,2023-03-18,3,US,US,quantile,0.1,512
2023-02-25,inc hosp,2023-03-18,3,US,US,quantile,0.15,588
2023-02-25,inc hosp,2023-03-18,3,US,US,quantile,0.2,650
2023-02-25,inc hosp,2023-03-18,3,US,US,quantile,0.25,725
2023-02-25,inc hosp,2023-03-18,3,US,US,quantile,0.3,788
2023-02-25,inc hosp,2023-03-18,3,US,US,quantile,0.35,837
2023-02-25,inc hosp,2023-03-18,3,US,US,quantile,0.4,912
2023-02-25,inc hosp,2023-03-18,3,US,US,quantile,0.45,962
2023-02-25,inc hosp,2023-03-18,3,US,US,quantile,0.5,1038
2023-02-25,inc hosp,2023-03-18,3,US,US,quantile,0.55,1112
2023-02-25,inc hosp,2023-03-18,3,US,US,quantile,0.6,1188
2023-02-25,inc hosp,2023-03-18,3,US,US,quantile,0.65,1275
2023-02-25,inc hosp,2023-03-18,3,US,US,quantile,0.7,1387
2023-02-25,inc hosp,2023-03-18,3,US,US,quantile,0.75,1500
2023-02-25,inc hosp,2023-03-18,3,US,US,quantile,0.8,1625
2023-02-25,inc hosp,2023-03-18,3,US,US,quantile,0.85,1775
2023-02-25,inc hosp,2023-03-18,3,US,US,quantile,0.9,2050
2023-02-25,inc hosp,2023-03-18,3,US,US,quantile,0.95,2488
2023-02-25,inc hosp,2023-03-18,3,US,US,quantile,0.975,2925
2023-02-25,inc hosp,2023-03-18,3,US,US,quantile,0.99,3438
2023-02-25,inc hosp,2023-03-25,4,US,US,quantile,0.01,225
2023-02-25,inc hosp,2023-03-25,4,US,US,quantile,0.025,275
2023-02-25,inc hosp,2023-03-25,4,US,US,quantile,0.05,350
2023-02-25,inc hosp,2023-03-25,4,US,US,quantile,0.1,450
2023-02-25,inc hosp,2023-03-25,4,US,US,quantile,0.15,525
2023-02-25,inc hosp,2023-03-25,4,US,US,quantile,0.2,588
2023-02-25,inc hosp,2023-03-25,4,US,US,quantile,0.25,650
2023-02-25,inc hosp,2023-03-25,4,US,US,quantile,0.3,712
2023-02-25,inc hosp,2023-03-25,4,US,US,quantile,0.35,788
2023-02-25,inc hosp,2023-03-25,4,US,US,quantile,0.4,850
2023-02-25,inc hosp,2023-03-25,4,US,US,quantile,0.45,925
2023-02-25,inc hosp,2023-03-25,4,US,US,quantile,0.5,1000
2023-02-25,inc hosp,2023-03-25,4,US,US,quantile,0.55,1075
2023-02-25,inc hosp,2023-03-25,4,US,US,quantile,0.6,1150
2023-02-25,inc hosp,2023-03-25,4,US,US,quantile,0.65,1262
2023-02-25,inc hosp,2023-03-25,4,US,US,quantile,0.7,1362
2023-02-25,inc hosp,2023-03-25,4,US,US,quantile,0.75,1500
2023-02-25,inc hosp,2023-03-25,4,US,US,quantile,0.8,1662
2023-02-25,inc hosp,2023-03-25,4,US,US,quantile,0.85,1888
2023-02-25,inc hosp,2023-03-25,4,US,US,quantile,0.9,2175
2023-02-25,inc hosp,2023-03-25,4,US,US,quantile,0.95,2687
2023-02-25,inc hosp,2023-03-25,4,US,US,quantile,0.975,3175
2023-02-25,inc hosp,2023-03-25,4,US,US,quantile,0.99,4012
