model,location_name,wis,rel_wis,mae,cov_50,cov_95
CADPH-FluCAT_Ensemble,California,199.71,1.04,241.1,37.04,66.67
CMU-TimeSeries,Alabama,36.1,0.93,58.08,41.84,96.94
CMU-TimeSeries,Alaska,5.41,1.24,8.05,28.77,82.19
CMU-TimeSeries,Arizona,117.7,0.81,179.34,40.43,85.11
CMU-TimeSeries,Arkansas,31.83,0.95,49.89,47.06,91.18
CMU-TimeSeries,California,182.35,0.97,298.81,57.78,100
CMU-TimeSeries,Colorado,35.17,1.03,53.33,50,94.19
CMU-TimeSeries,Connecticut,24.67,1.03,37.48,42.55,92.55
CMU-TimeSeries,Delaware,6.64,1.04,10.42,47.96,86.73
CMU-TimeSeries,District of Columbia,8.6,0.99,12.53,36.96,72.83
CMU-TimeSeries,Florida,140.42,1.05,215.34,67.02,98.94
CMU-TimeSeries,Georgia,91.95,0.77,129.61,47.96,86.73
CMU-TimeSeries,Hawaii,5.61,1.13,8.79,50,96.08
CMU-TimeSeries,Idaho,15.8,0.89,22.89,40.45,88.76
CMU-TimeSeries,Illinois,63.12,1.04,96.63,59.18,97.96
CMU-TimeSeries,Indiana,50.95,1.01,83.1,41.18,100
CMU-TimeSeries,Iowa,18.53,0.92,29.2,43.88,96.94
CMU-TimeSeries,Kansas,19.08,0.86,30.6,40.2,96.08
CMU-TimeSeries,Kentucky,38.2,1.03,61.59,37.25,95.1
CMU-TimeSeries,Louisiana,39.39,0.88,64.87,33.67,98.98
CMU-TimeSeries,Maine,9.92,0.93,16.91,36.17,92.55
CMU-TimeSeries,Maryland,40.18,0.92,64.7,29.41,95.1
CMU-TimeSeries,Massachusetts,58.55,0.92,96.74,31.33,96.39
CMU-TimeSeries,Michigan,86.89,0.88,142.85,39.53,96.51
CMU-TimeSeries,Minnesota,22.44,1.03,34.27,57.84,99.02
CMU-TimeSeries,Mississippi,31.4,0.9,48.37,41.18,92.16
CMU-TimeSeries,Missouri,48.93,0.92,82.22,38.3,98.94
CMU-TimeSeries,Montana,15.02,0.91,22.04,34.07,79.12
CMU-TimeSeries,Nebraska,10.26,1,16.33,51.96,94.12
CMU-TimeSeries,Nevada,18.12,1.02,28.56,50,97.87
CMU-TimeSeries,New Hampshire,6.77,0.97,9.99,47.96,87.76
CMU-TimeSeries,New Jersey,81.45,0.93,123.22,45.1,90.2
CMU-TimeSeries,New Mexico,27.23,0.94,39.44,39.8,85.71
CMU-TimeSeries,New York,136.72,1,207.58,47.87,90.43
CMU-TimeSeries,North Carolina,103.36,0.83,161.7,41.86,89.53
CMU-TimeSeries,North Dakota,6.58,1.05,9.48,43.14,84.31
CMU-TimeSeries,Ohio,85.01,0.98,135.38,41.18,93.14
CMU-TimeSeries,Oklahoma,33.89,0.7,56.55,36.17,97.87
CMU-TimeSeries,Oregon,17.75,1,27.16,58.82,98.04
CMU-TimeSeries,Pennsylvania,103.43,0.96,165.24,51.02,95.92
CMU-TimeSeries,Puerto Rico,18.22,1.43,29.41,66.67,100
CMU-TimeSeries,Rhode Island,6.09,0.99,9.5,40.82,89.8
CMU-TimeSeries,South Carolina,59.07,0.82,90.45,44.9,92.86
CMU-TimeSeries,South Dakota,8.22,1,12.77,35.29,87.25
CMU-TimeSeries,Tennessee,43.85,0.84,67.46,62.77,97.87
CMU-TimeSeries,Texas,174.89,0.98,287.03,60.2,100
CMU-TimeSeries,Utah,9.71,1.07,16.08,48.35,97.8
CMU-TimeSeries,Vermont,3.04,0.9,4.81,45.83,95.83
CMU-TimeSeries,Virginia,60.27,0.87,91.83,57.14,95.6
CMU-TimeSeries,Washington,26.58,1.12,43.81,44.68,98.94
CMU-TimeSeries,West Virginia,24.98,1.03,38.11,38.78,88.78
CMU-TimeSeries,Wisconsin,29.42,0.92,45.81,40.7,94.19
CMU-TimeSeries,Wyoming,10.53,1.01,16.16,26.74,76.74
CU-ensemble,Alabama,38.34,0.99,52.63,47.27,80.91
CU-ensemble,Alaska,6.24,1.47,8.8,39.09,80.91
CU-ensemble,Arizona,107.96,0.79,150.82,40,70.91
CU-ensemble,Arkansas,28.1,0.83,44.58,37.27,87.27
CU-ensemble,California,149.08,0.8,224.38,31.82,84.55
CU-ensemble,Colorado,28.55,0.82,38.86,50.91,77.27
CU-ensemble,Connecticut,26.6,1.08,41.35,35.45,81.82
CU-ensemble,Delaware,5.77,0.86,8.73,51.82,88.18
CU-ensemble,District of Columbia,6,0.77,8.04,49.09,75.45
CU-ensemble,Florida,117.1,0.9,177.22,24.55,78.18
CU-ensemble,Georgia,93.44,0.81,116.36,44.55,70.91
CU-ensemble,Hawaii,4.76,0.98,7.24,34.55,85.45
CU-ensemble,Idaho,15.77,0.8,23.23,50.91,82.73
CU-ensemble,Illinois,54.52,0.91,79.06,52.73,86.36
CU-ensemble,Indiana,44.49,0.88,65.89,43.64,83.64
CU-ensemble,Iowa,17.27,0.84,26.84,35.45,83.64
CU-ensemble,Kansas,17.49,0.77,27.29,34.55,89.09
CU-ensemble,Kentucky,35.3,0.96,53.18,60,89.09
CU-ensemble,Louisiana,37.42,0.88,50.81,44.55,75.45
CU-ensemble,Maine,9.83,0.98,15.24,47.27,85.45
CU-ensemble,Maryland,36.46,0.86,53.97,35.45,80
CU-ensemble,Massachusetts,71.5,0.97,100.29,35.85,83.02
CU-ensemble,Michigan,82.27,0.78,123.26,44.55,88.18
CU-ensemble,Minnesota,20.63,0.95,31.61,50.91,90.91
CU-ensemble,Mississippi,26.02,0.79,36.15,45.45,85.45
CU-ensemble,Missouri,45.44,0.8,73.05,52.73,94.55
CU-ensemble,Montana,12.59,0.75,18.01,39.09,79.09
CU-ensemble,Nebraska,12.58,1.18,18.78,39.09,75.45
CU-ensemble,Nevada,16.93,0.91,24.77,57.27,87.27
CU-ensemble,New Hampshire,7.65,1.07,12.04,51.82,87.27
CU-ensemble,New Jersey,74.96,0.9,102.57,47.27,79.09
CU-ensemble,New Mexico,25.44,0.87,35.63,51.82,81.82
CU-ensemble,New York,122.55,0.88,182.5,36.36,83.64
CU-ensemble,North Carolina,98.84,0.8,130.83,40.91,73.64
CU-ensemble,North Dakota,5.13,0.85,7.45,47.27,81.82
CU-ensemble,Ohio,90.13,1.02,130.83,35.45,68.18
CU-ensemble,Oklahoma,32.19,0.64,52.8,44.55,93.64
CU-ensemble,Oregon,20.26,1.16,31.23,56.36,89.09
CU-ensemble,Pennsylvania,98.07,0.9,146.11,38.18,85.45
CU-ensemble,Puerto Rico,10.54,0.84,16.01,58.18,93.64
CU-ensemble,Rhode Island,5.84,0.94,8.57,42.73,77.27
CU-ensemble,South Carolina,73.11,1,88.3,47.27,66.36
CU-ensemble,South Dakota,7.9,0.96,12.15,37.27,83.64
CU-ensemble,Tennessee,45.34,0.8,65.34,54.55,90.91
CU-ensemble,Texas,138.15,0.8,211.7,40.91,87.27
CU-ensemble,Utah,11.32,1.28,15.08,35.45,72.73
CU-ensemble,Vermont,2.83,0.78,4.45,53.64,90.91
CU-ensemble,Virginia,71.61,0.95,92.44,42.73,76.36
CU-ensemble,Washington,21.59,0.93,30.92,65.45,88.18
CU-ensemble,West Virginia,18.85,0.81,28.64,43.64,93.64
CU-ensemble,Wisconsin,31.59,0.91,48.45,35.45,90
CU-ensemble,Wyoming,8.34,0.78,11.55,35.45,64.55
FluSight-baseline,Alabama,38.24,1,53.91,23.64,85.45
FluSight-baseline,Alaska,4.36,1,6.71,50,98.18
FluSight-baseline,Arizona,135.64,1,175.17,26.36,74.55
FluSight-baseline,Arkansas,34.09,1,47.61,31.82,81.82
FluSight-baseline,California,185.58,1,265.6,33.64,91.82
FluSight-baseline,Colorado,35.39,1,53.55,23.64,89.09
FluSight-baseline,Connecticut,24.85,1,37.13,30,93.64
FluSight-baseline,Delaware,6.6,1,9.65,37.27,96.36
FluSight-baseline,District of Columbia,7.93,1,11.05,27.27,83.64
FluSight-baseline,Florida,129.63,1,190.32,18.18,81.82
FluSight-baseline,Georgia,115.4,1,140.38,16.36,66.36
FluSight-baseline,Hawaii,4.86,1,7.33,36.36,88.18
FluSight-baseline,Idaho,19.41,1,27.89,27.27,92.73
FluSight-baseline,Illinois,58.71,1,86.19,25.45,92.73
FluSight-baseline,Indiana,50.13,1,75.25,20,96.36
FluSight-baseline,Iowa,20.34,1,29.66,20,98.18
FluSight-baseline,Kansas,22.57,1,32.25,19.09,89.09
FluSight-baseline,Kentucky,36.4,1,54.72,29.09,99.09
FluSight-baseline,Louisiana,42.34,1,56.66,18.18,80.91
FluSight-baseline,Maine,9.98,1,15.16,33.64,98.18
FluSight-baseline,Maryland,42.9,1,59.48,26.36,80.91
FluSight-baseline,Massachusetts,74.16,1,104.25,27.36,84.91
FluSight-baseline,Michigan,106.88,1,152.79,14.55,86.36
FluSight-baseline,Minnesota,21.52,1,32.32,23.64,96.36
FluSight-baseline,Mississippi,33.49,1,45.07,35.45,81.82
FluSight-baseline,Missouri,56.15,1,82.35,16.36,96.36
FluSight-baseline,Montana,16.87,1,22.65,30.91,77.27
FluSight-baseline,Nebraska,10.44,1,15.95,41.82,97.27
FluSight-baseline,Nevada,18.35,1,27.29,44.55,98.18
FluSight-baseline,New Hampshire,7.08,1,10.75,38.18,98.18
FluSight-baseline,New Jersey,83.87,1,114.62,21.82,80
FluSight-baseline,New Mexico,28.79,1,40.18,39.09,85.45
FluSight-baseline,New York,141.21,1,198.01,25.45,85.45
FluSight-baseline,North Carolina,122.22,1,152.16,22.73,72.73
FluSight-baseline,North Dakota,6.06,1,8.97,38.18,91.82
FluSight-baseline,Ohio,85.18,1,118.3,20,81.82
FluSight-baseline,Oklahoma,49.36,1,72.42,24.55,93.64
FluSight-baseline,Oregon,17.08,1,24.1,36.36,100
FluSight-baseline,Pennsylvania,108.87,1,152.25,20,88.18
FluSight-baseline,Puerto Rico,12.37,1,18.55,55.45,96.36
FluSight-baseline,Rhode Island,6.3,1,9.14,27.27,92.73
FluSight-baseline,South Carolina,72.36,1,88.53,14.55,74.55
FluSight-baseline,South Dakota,8.32,1,12.5,35.45,89.09
FluSight-baseline,Tennessee,56.8,1,79.72,24.55,91.82
FluSight-baseline,Texas,170.95,1,258.04,10.91,79.09
FluSight-baseline,Utah,8.72,1,12.31,44.55,88.18
FluSight-baseline,Vermont,3.65,1,5.77,29.09,100
FluSight-baseline,Virginia,74.66,1,96.74,22.73,81.82
FluSight-baseline,Washington,23.08,1,35.44,26.36,100
FluSight-baseline,West Virginia,23.83,1,34.51,31.82,89.09
FluSight-baseline,Wisconsin,35.29,1,51.26,23.64,94.55
FluSight-baseline,Wyoming,10.7,1,14.92,23.64,84.55
FluSight-ensemble,Alabama,27.96,0.73,42.31,53.64,92.73
FluSight-ensemble,Alaska,4.18,0.94,6.78,51.82,95.45
FluSight-ensemble,Arizona,78.73,0.58,119.38,56.36,87.27
FluSight-ensemble,Arkansas,28.81,0.85,44.36,53.64,90.91
FluSight-ensemble,California,119.37,0.64,188.47,63.64,91.82
FluSight-ensemble,Colorado,23.53,0.67,37.03,57.27,96.36
FluSight-ensemble,Connecticut,21.37,0.86,33.54,45.45,96.36
FluSight-ensemble,Delaware,5.95,0.89,8.87,55.45,90.91
FluSight-ensemble,District of Columbia,6.09,0.77,9.17,44.55,86.36
FluSight-ensemble,Florida,92.75,0.72,143.3,61.82,95.45
FluSight-ensemble,Georgia,76.86,0.67,99.12,62.73,80.91
FluSight-ensemble,Hawaii,3.98,0.82,6.33,56.36,96.36
FluSight-ensemble,Idaho,15.47,0.79,23.61,52.73,92.73
FluSight-ensemble,Illinois,47.97,0.8,79.17,52.73,98.18
FluSight-ensemble,Indiana,34.36,0.68,56.79,57.27,100
FluSight-ensemble,Iowa,16.61,0.8,25.86,43.64,96.36
FluSight-ensemble,Kansas,19.9,0.87,29.66,44.55,89.09
FluSight-ensemble,Kentucky,32.68,0.89,52.59,49.09,97.27
FluSight-ensemble,Louisiana,27.04,0.64,43.44,52.73,95.45
FluSight-ensemble,Maine,8.68,0.86,13.59,59.09,94.55
FluSight-ensemble,Maryland,33.2,0.77,52.56,38.18,89.09
FluSight-ensemble,Massachusetts,58.61,0.79,92.5,42.45,91.51
FluSight-ensemble,Michigan,82.58,0.78,129.75,40,89.09
FluSight-ensemble,Minnesota,19.32,0.89,32.02,50.91,98.18
FluSight-ensemble,Mississippi,23.9,0.71,36.32,57.27,92.73
FluSight-ensemble,Missouri,46.49,0.82,75.66,40.91,94.55
FluSight-ensemble,Montana,11.58,0.69,17.87,40.91,84.55
FluSight-ensemble,Nebraska,10.88,1.03,16.96,54.55,90
FluSight-ensemble,Nevada,12.81,0.69,20.41,57.27,100
FluSight-ensemble,New Hampshire,6.97,0.97,10.67,50.91,91.82
FluSight-ensemble,New Jersey,62.89,0.75,94.66,49.09,90
FluSight-ensemble,New Mexico,22.58,0.76,33.62,50.91,88.18
FluSight-ensemble,New York,101.25,0.73,163.84,40.91,90.91
FluSight-ensemble,North Carolina,79.59,0.65,118.01,50.91,85.45
FluSight-ensemble,North Dakota,4.92,0.82,7.22,59.09,94.55
FluSight-ensemble,Ohio,76.85,0.89,123.35,34.55,88.18
FluSight-ensemble,Oklahoma,30.84,0.62,51.39,55.45,98.18
FluSight-ensemble,Oregon,16.13,0.93,24.62,58.18,94.55
FluSight-ensemble,Pennsylvania,89.8,0.81,147.6,43.64,93.64
FluSight-ensemble,Puerto Rico,11.39,0.91,17.99,65.45,98.18
FluSight-ensemble,Rhode Island,5.22,0.84,8.03,54.55,93.64
FluSight-ensemble,South Carolina,49.44,0.68,72.26,51.82,87.27
FluSight-ensemble,South Dakota,8.03,0.96,12.22,43.64,88.18
FluSight-ensemble,Tennessee,38.43,0.68,59.12,58.18,96.36
FluSight-ensemble,Texas,101.81,0.59,166.62,66.36,100
FluSight-ensemble,Utah,8.15,0.92,12.63,59.09,90
FluSight-ensemble,Vermont,2.77,0.76,4.37,58.18,100
FluSight-ensemble,Virginia,58.48,0.78,86.51,50,89.09
FluSight-ensemble,Washington,19.93,0.86,32.45,56.36,97.27
FluSight-ensemble,West Virginia,21.34,0.89,32.82,43.64,89.09
FluSight-ensemble,Wisconsin,29.27,0.83,48.22,45.45,96.36
FluSight-ensemble,Wyoming,8.17,0.76,12.31,44.55,83.64
FluSight-lop_norm,Alabama,27.52,0.72,42.09,59.09,97.27
FluSight-lop_norm,Alaska,4.3,0.97,6.68,58.18,100
FluSight-lop_norm,Arizona,78.78,0.58,114.4,66.36,98.18
FluSight-lop_norm,Arkansas,28.07,0.83,43.53,58.18,97.27
FluSight-lop_norm,California,119.27,0.64,183.03,72.73,99.09
FluSight-lop_norm,Colorado,25.34,0.72,36.72,61.82,100
FluSight-lop_norm,Connecticut,22.4,0.9,34.37,55.45,100
FluSight-lop_norm,Delaware,6.07,0.93,8.99,61.82,98.18
FluSight-lop_norm,District of Columbia,6.13,0.78,9.3,53.64,99.09
FluSight-lop_norm,Florida,97.3,0.76,145.33,67.27,100
FluSight-lop_norm,Georgia,74.98,0.65,98.4,68.18,94.55
FluSight-lop_norm,Hawaii,4.18,0.86,6.21,64.55,98.18
FluSight-lop_norm,Idaho,15.81,0.81,24.11,59.09,96.36
FluSight-lop_norm,Illinois,47.65,0.8,77.25,55.45,100
FluSight-lop_norm,Indiana,36.52,0.72,56.5,65.45,100
FluSight-lop_norm,Iowa,17.12,0.83,26.77,53.64,99.09
FluSight-lop_norm,Kansas,19.4,0.86,29.79,51.82,95.45
FluSight-lop_norm,Kentucky,33.18,0.91,53.64,57.27,100
FluSight-lop_norm,Louisiana,26.54,0.63,42.02,57.27,100
FluSight-lop_norm,Maine,8.81,0.89,13.42,64.55,100
FluSight-lop_norm,Maryland,31.46,0.73,51.09,47.27,100
FluSight-lop_norm,Massachusetts,57.39,0.78,94.81,52.83,100
FluSight-lop_norm,Michigan,82.53,0.78,130.09,50,99.09
FluSight-lop_norm,Minnesota,19.57,0.91,31.31,60.91,100
FluSight-lop_norm,Mississippi,22.36,0.67,33.98,70,99.09
FluSight-lop_norm,Missouri,46.56,0.83,76.4,49.09,100
FluSight-lop_norm,Montana,11.46,0.69,17.56,48.18,100
FluSight-lop_norm,Nebraska,10.92,1.04,16.53,59.09,97.27
FluSight-lop_norm,Nevada,13.42,0.72,21.05,64.55,100
FluSight-lop_norm,New Hampshire,7.05,0.99,10.57,59.09,98.18
FluSight-lop_norm,New Jersey,61.02,0.73,94.51,59.09,98.18
FluSight-lop_norm,New Mexico,22.27,0.76,33.81,58.18,98.18
FluSight-lop_norm,New York,105.42,0.76,168.63,54.55,100
FluSight-lop_norm,North Carolina,74.79,0.61,115.99,54.55,100
FluSight-lop_norm,North Dakota,4.98,0.83,7.37,63.64,100
FluSight-lop_norm,Ohio,75.32,0.87,123.84,43.64,100
FluSight-lop_norm,Oklahoma,31.61,0.63,49.21,70,100
FluSight-lop_norm,Oregon,16.63,0.97,25.27,69.09,100
FluSight-lop_norm,Pennsylvania,86.63,0.79,144.08,52.73,100
FluSight-lop_norm,Puerto Rico,12.64,1.01,18.04,70.91,100
FluSight-lop_norm,Rhode Island,5.42,0.87,7.8,57.27,98.18
FluSight-lop_norm,South Carolina,46.08,0.64,71.57,56.36,98.18
FluSight-lop_norm,South Dakota,7.95,0.95,12.29,49.09,98.18
FluSight-lop_norm,Tennessee,38.32,0.68,58.1,69.09,100
FluSight-lop_norm,Texas,108.89,0.63,153.36,75.45,100
FluSight-lop_norm,Utah,7.87,0.89,12.11,61.82,100
FluSight-lop_norm,Vermont,2.97,0.82,4.27,67.27,100
FluSight-lop_norm,Virginia,55.41,0.75,84.62,59.09,97.27
FluSight-lop_norm,Washington,20.83,0.89,31.67,62.73,100
FluSight-lop_norm,West Virginia,20.66,0.87,31.27,57.27,94.55
FluSight-lop_norm,Wisconsin,29.16,0.83,46.9,50.91,100
FluSight-lop_norm,Wyoming,7.94,0.75,12.08,48.18,99.09
GH-model,Alabama,118.31,1.95,129.57,2.78,5.56
GH-model,Alaska,10.02,1.46,10.74,33.33,36.11
GH-model,Arizona,481.69,1.98,492.62,0,0
GH-model,Arkansas,76.54,2.31,80.29,0,0
GH-model,California,756.44,2.4,785.58,0,0
GH-model,Colorado,167.77,3.13,171.65,0,0
GH-model,Connecticut,79.26,3.15,81.5,0,0
GH-model,Delaware,16.19,1.84,16.75,0,2.78
GH-model,District of Columbia,19.99,1.75,20.86,0,2.78
GH-model,Florida,607.61,3.06,676.75,0,2.78
GH-model,Georgia,326.99,1.44,353.86,0,2.78
GH-model,Hawaii,18.9,3.63,21.18,0,0
GH-model,Idaho,59.54,2.06,60.57,0,0
GH-model,Illinois,225.67,2.75,234.42,0,0
GH-model,Indiana,186.35,3.3,193.67,0,0
GH-model,Iowa,47.88,3.21,49.24,0,0
GH-model,Kansas,45.24,2.67,46.75,0,0
GH-model,Kentucky,102.23,2.62,105.43,0,0
GH-model,Louisiana,126.21,1.8,140.04,5.56,5.56
GH-model,Maine,19.07,2.43,19.51,5.56,5.56
GH-model,Maryland,114.35,1.87,118.79,0,0
GH-model,Massachusetts,196.47,2.46,200.69,0,0
GH-model,Michigan,193.25,2.46,197.64,0,2.78
GH-model,Minnesota,71.92,2.85,73.53,0,0
GH-model,Mississippi,99.61,1.72,107.54,0,2.78
GH-model,Missouri,143.47,2.89,149.14,0,0
GH-model,Montana,46.65,1.97,47.12,0,0
GH-model,Nebraska,19.25,1.89,20.58,16.67,22.22
GH-model,Nevada,77.69,2.89,79.9,0,0
GH-model,New Hampshire,20.87,2.11,21.24,0,0
GH-model,New Jersey,263.57,2,271.42,0,0
GH-model,New Mexico,100.46,2.05,102.61,2.78,2.78
GH-model,New York,560.82,3.07,572.94,0,0
GH-model,North Carolina,321.76,1.44,337.17,5.56,5.56
GH-model,North Dakota,18.89,2.4,19.43,2.78,2.78
GH-model,Ohio,248.46,2.76,254.68,0,0
GH-model,Oklahoma,85.39,2.78,89.89,2.78,2.78
GH-model,Oregon,56.24,2.46,57.39,0,0
GH-model,Pennsylvania,328.2,2.07,346.04,0,5.56
GH-model,Puerto Rico,42.57,2.27,52.93,19.44,33.33
GH-model,Rhode Island,16.25,2.06,16.46,16.67,16.67
GH-model,South Carolina,190.09,1.41,201.57,2.78,8.33
GH-model,South Dakota,15.23,1.66,16.08,22.22,36.11
GH-model,Tennessee,178.86,2.11,188.99,0,0
GH-model,Texas,593.89,2.76,670.81,0,0
GH-model,Utah,26.74,1.84,27.78,0,0
GH-model,Vermont,9.13,3.02,9.19,8.33,8.33
GH-model,Virginia,202.77,1.55,219.46,2.78,5.56
GH-model,Washington,83.38,2.61,87.94,16.67,16.67
GH-model,West Virginia,53.58,2.12,55.67,0,2.78
GH-model,Wisconsin,111.68,2.62,114.29,0,0
GH-model,Wyoming,30.31,2.27,31.6,2.78,2.78
GT-FluFNP,Alabama,41.19,1.06,52.05,23.47,51.02
GT-FluFNP,Alaska,7.82,1.77,9.15,34.88,63.95
GT-FluFNP,Arizona,117.97,0.83,136.43,41.84,60.2
GT-FluFNP,Arkansas,36.15,1.08,48.86,36.73,63.27
GT-FluFNP,California,240.83,1.33,285.49,42.86,58.16
GT-FluFNP,Colorado,37.01,1.02,47.29,29.59,61.22
GT-FluFNP,Connecticut,37.44,1.5,48.81,31.63,54.08
GT-FluFNP,Delaware,7.55,1.13,9.58,36.73,58.16
GT-FluFNP,District of Columbia,8.16,1.02,9.95,25.51,55.1
GT-FluFNP,Florida,156.72,1.19,200.7,28.57,55.1
GT-FluFNP,Georgia,125.8,1.1,144.19,22.34,45.74
GT-FluFNP,Idaho,24.23,1.24,30.68,36.73,69.39
GT-FluFNP,Illinois,87.37,1.5,111.93,32.65,64.29
GT-FluFNP,Indiana,67.02,1.33,92.9,16.33,57.14
GT-FluFNP,Iowa,23.96,1.19,33.1,25.51,60.2
GT-FluFNP,Kansas,26.77,1.16,34.99,25.51,54.08
GT-FluFNP,Kentucky,52.78,1.43,72.09,29.59,65.31
GT-FluFNP,Louisiana,31.94,0.77,40.8,34.69,64.29
GT-FluFNP,Maine,12.84,1.27,17.55,38.78,65.31
GT-FluFNP,Maryland,44.2,1.03,57.41,21.43,59.18
GT-FluFNP,Massachusetts,87.84,1.19,114.48,24.47,55.32
GT-FluFNP,Michigan,126.42,1.25,161.58,19.39,45.92
GT-FluFNP,Minnesota,31.19,1.42,41.9,25.51,66.33
GT-FluFNP,Mississippi,28.55,0.84,35.58,38.78,68.37
GT-FluFNP,Missouri,76.48,1.36,103.5,24.49,54.08
GT-FluFNP,Montana,15.28,0.91,19.06,30.61,66.33
GT-FluFNP,Nebraska,13.79,1.35,18.6,27.55,67.35
GT-FluFNP,Nevada,25.56,1.42,31.38,51.02,64.29
GT-FluFNP,New Hampshire,11.53,1.57,14.71,38.78,68.37
GT-FluFNP,New Jersey,99.15,1.17,123.68,30.61,56.12
GT-FluFNP,New Mexico,39.7,1.36,47.29,48.98,67.35
GT-FluFNP,New York,199.03,1.4,250.91,30.61,55.1
GT-FluFNP,North Carolina,109.8,0.93,125.18,32.98,62.77
GT-FluFNP,North Dakota,6.82,1.13,8.75,43.88,69.39
GT-FluFNP,Ohio,125.07,1.46,160.57,22.34,54.26
GT-FluFNP,Oklahoma,41.76,0.9,63.65,33.67,84.69
GT-FluFNP,Oregon,26.8,1.59,34.77,57.14,82.65
GT-FluFNP,Pennsylvania,147.94,1.38,187.17,24.49,62.24
GT-FluFNP,Rhode Island,6.74,1.08,8.61,28.57,55.1
GT-FluFNP,South Carolina,54.32,0.85,64.04,30,62.22
GT-FluFNP,South Dakota,10.95,1.37,13.68,34.69,60.2
GT-FluFNP,Tennessee,53.18,0.96,70.62,24.49,60.2
GT-FluFNP,Texas,142.55,0.84,201.66,38.78,73.47
GT-FluFNP,Utah,8.65,1.01,10.6,30.61,66.33
GT-FluFNP,Vermont,4.47,1.25,6.38,23.47,60.2
GT-FluFNP,Virginia,76.65,1.02,93.01,18.37,55.1
GT-FluFNP,Washington,37.53,1.61,47.6,50,69.39
GT-FluFNP,West Virginia,29.53,1.25,38.3,27.55,64.29
GT-FluFNP,Wisconsin,50.8,1.43,65.45,29.59,59.18
GT-FluFNP,Wyoming,11.76,1.1,14.27,26.53,53.06
ISU_NiemiLab-ENS,Alabama,47.17,1.1,66.46,19.44,59.72
ISU_NiemiLab-ENS,Alaska,4.61,1.07,7.28,38.89,87.5
ISU_NiemiLab-ENS,Arizona,141.26,0.94,187.41,43.06,66.67
ISU_NiemiLab-ENS,Arkansas,51.1,1.4,62.65,34.72,66.67
ISU_NiemiLab-ENS,California,218.11,1.11,285.73,40.28,62.5
ISU_NiemiLab-ENS,Colorado,32.48,0.81,48.51,38.89,83.33
ISU_NiemiLab-ENS,Connecticut,38.85,1.34,50.78,31.94,55.56
ISU_NiemiLab-ENS,Delaware,8.48,1.21,11,50,77.78
ISU_NiemiLab-ENS,District of Columbia,26.96,2.97,27.52,43.06,69.44
ISU_NiemiLab-ENS,Florida,126.32,0.87,176.36,51.56,82.81
ISU_NiemiLab-ENS,Georgia,128.53,0.99,159.67,37.5,62.5
ISU_NiemiLab-ENS,Hawaii,10.89,2.15,8.81,37.5,79.17
ISU_NiemiLab-ENS,Idaho,28.58,1.27,41.94,31.94,75
ISU_NiemiLab-ENS,Illinois,90.74,1.45,119.24,19.44,54.17
ISU_NiemiLab-ENS,Indiana,46.72,0.86,70.53,33.33,86.11
ISU_NiemiLab-ENS,Iowa,27.64,1.24,36.76,31.94,65.28
ISU_NiemiLab-ENS,Kansas,24.93,1.06,32.99,37.5,86.11
ISU_NiemiLab-ENS,Kentucky,43.38,1.04,63.04,33.33,73.61
ISU_NiemiLab-ENS,Louisiana,34.68,0.76,47.99,36.11,68.06
ISU_NiemiLab-ENS,Maine,10.97,1.07,13.17,48.61,97.22
ISU_NiemiLab-ENS,Maryland,60.4,1.22,74.51,19.44,40.28
ISU_NiemiLab-ENS,Massachusetts,78.32,0.9,108.55,27.94,67.65
ISU_NiemiLab-ENS,Michigan,110.07,0.93,153.48,29.17,59.72
ISU_NiemiLab-ENS,Minnesota,27.44,1.16,39.21,36.11,80.56
ISU_NiemiLab-ENS,Mississippi,31.34,0.88,40.74,50,79.17
ISU_NiemiLab-ENS,Missouri,67.13,1.06,95.02,30.56,62.5
ISU_NiemiLab-ENS,Montana,15.6,0.86,20.08,45.83,83.33
ISU_NiemiLab-ENS,Nebraska,21.27,1.73,28.76,40.28,76.39
ISU_NiemiLab-ENS,Nevada,21.71,1.08,30.78,33.33,69.44
ISU_NiemiLab-ENS,New Hampshire,9.61,1.18,12.24,62.5,81.94
ISU_NiemiLab-ENS,New Jersey,102.76,1.09,131.77,36.11,66.67
ISU_NiemiLab-ENS,New Mexico,42.79,1.3,56.15,38.89,70.83
ISU_NiemiLab-ENS,New York,214.26,1.34,286.34,23.61,54.17
ISU_NiemiLab-ENS,North Carolina,168.64,1.26,222.89,26.39,50
ISU_NiemiLab-ENS,North Dakota,7.98,1.32,10.82,36.11,70.83
ISU_NiemiLab-ENS,Ohio,125.64,1.27,181,16.67,56.94
ISU_NiemiLab-ENS,Oklahoma,60,1.01,86.92,16.67,69.44
ISU_NiemiLab-ENS,Oregon,22.82,1.17,28.1,40.28,79.17
ISU_NiemiLab-ENS,Pennsylvania,144.95,1.18,182.65,29.17,54.17
ISU_NiemiLab-ENS,Puerto Rico,17.12,1.36,25.92,58.33,93.06
ISU_NiemiLab-ENS,Rhode Island,10.09,1.37,10.97,36.11,79.17
ISU_NiemiLab-ENS,South Carolina,73.83,0.91,95.61,36.11,62.5
ISU_NiemiLab-ENS,South Dakota,11.17,1.16,16.01,29.17,79.17
ISU_NiemiLab-ENS,Tennessee,54.51,0.85,79.77,36.11,81.94
ISU_NiemiLab-ENS,Texas,216.4,1.15,303.08,31.94,62.5
ISU_NiemiLab-ENS,Utah,7.06,0.75,9.65,63.89,90.28
ISU_NiemiLab-ENS,Vermont,4.36,1.08,6.73,29.17,83.33
ISU_NiemiLab-ENS,Virginia,77.39,0.92,103.04,36.11,75
ISU_NiemiLab-ENS,Washington,30.07,1.24,45,41.67,87.5
ISU_NiemiLab-ENS,West Virginia,34.52,1.38,45.39,31.94,66.67
ISU_NiemiLab-ENS,Wisconsin,44.35,1.19,62.84,22.22,69.44
ISU_NiemiLab-ENS,Wyoming,15.71,1.38,18.36,37.5,70.83
ISU_NiemiLab-NLH,Alabama,33.36,0.92,48.24,34.41,75.27
ISU_NiemiLab-NLH,Alaska,5.1,1.12,7.96,38.71,86.02
ISU_NiemiLab-NLH,Arizona,99.2,0.78,137.42,39.78,69.89
ISU_NiemiLab-NLH,Arkansas,63.19,1.99,83.35,30.11,61.29
ISU_NiemiLab-NLH,California,168.34,1.02,217.46,40.86,65.59
ISU_NiemiLab-NLH,Colorado,26.48,0.77,39.98,41.94,90.32
ISU_NiemiLab-NLH,Connecticut,35.1,1.44,44.14,46.07,77.53
ISU_NiemiLab-NLH,Delaware,8.12,1.26,10.89,40.86,83.87
ISU_NiemiLab-NLH,District of Columbia,40.48,5.22,38.36,47.31,75.27
ISU_NiemiLab-NLH,Florida,141.46,1.09,198.2,40,68.24
ISU_NiemiLab-NLH,Georgia,114.19,1.08,148.33,34.41,64.52
ISU_NiemiLab-NLH,Hawaii,14.96,3.09,7.97,43.01,86.02
ISU_NiemiLab-NLH,Idaho,26.41,1.39,39.1,32.26,79.57
ISU_NiemiLab-NLH,Illinois,68.21,1.25,99.83,24.73,63.44
ISU_NiemiLab-NLH,Indiana,52.53,1.06,74.75,29.03,79.57
ISU_NiemiLab-NLH,Iowa,32.28,1.63,45.75,22.58,73.12
ISU_NiemiLab-NLH,Kansas,32.04,1.42,42.99,39.78,89.25
ISU_NiemiLab-NLH,Kentucky,41.76,1.15,62.33,22.58,81.72
ISU_NiemiLab-NLH,Louisiana,30.44,0.77,41.8,35.48,61.29
ISU_NiemiLab-NLH,Maine,12.57,1.27,13.89,41.94,95.7
ISU_NiemiLab-NLH,Maryland,43.08,1.08,53.79,30.11,49.46
ISU_NiemiLab-NLH,Massachusetts,63.49,0.89,93.78,24.72,78.65
ISU_NiemiLab-NLH,Michigan,104.83,1,151.89,29.03,67.74
ISU_NiemiLab-NLH,Minnesota,27.96,1.3,40.87,32.26,89.25
ISU_NiemiLab-NLH,Mississippi,30.1,1,41.75,39.78,82.8
ISU_NiemiLab-NLH,Missouri,60.99,1.12,90.84,25.81,80.65
ISU_NiemiLab-NLH,Montana,17.84,1.24,23.13,43.82,83.15
ISU_NiemiLab-NLH,Nebraska,30.95,3.03,45.18,40.86,86.02
ISU_NiemiLab-NLH,Nevada,14.95,0.9,20.87,44.09,77.42
ISU_NiemiLab-NLH,New Hampshire,7.92,1.13,10.33,56.99,86.02
ISU_NiemiLab-NLH,New Jersey,74.14,0.94,94.96,45.16,75.27
ISU_NiemiLab-NLH,New Mexico,29.98,1.12,41.73,45.16,83.87
ISU_NiemiLab-NLH,New York,150.57,1.14,200.13,40.86,70.97
ISU_NiemiLab-NLH,North Carolina,137.36,1.24,181.35,22.58,60.22
ISU_NiemiLab-NLH,North Dakota,7.04,1.27,10.13,41.94,79.57
ISU_NiemiLab-NLH,Ohio,135.27,1.56,192.23,12.9,58.06
ISU_NiemiLab-NLH,Oklahoma,68.3,1.43,98.35,17.2,72.04
ISU_NiemiLab-NLH,Oregon,24.26,1.44,31.32,38.71,80.65
ISU_NiemiLab-NLH,Pennsylvania,112.14,1.11,149.36,27.96,61.29
ISU_NiemiLab-NLH,Puerto Rico,17,1.39,26.44,58.06,92.47
ISU_NiemiLab-NLH,Rhode Island,13.43,2.22,15.15,39.78,87.1
ISU_NiemiLab-NLH,South Carolina,62.68,0.93,85.09,31.18,64.52
ISU_NiemiLab-NLH,South Dakota,8.88,1.1,12.53,39.78,78.49
ISU_NiemiLab-NLH,Tennessee,34.19,0.66,52.97,60.22,91.4
ISU_NiemiLab-NLH,Texas,216.68,1.32,318.2,17.2,62.37
ISU_NiemiLab-NLH,Utah,5.46,0.68,8.22,69.89,98.92
ISU_NiemiLab-NLH,Vermont,4.14,1.17,6.21,34.41,88.17
ISU_NiemiLab-NLH,Virginia,61.64,0.87,81.01,46.07,82.02
ISU_NiemiLab-NLH,Washington,33.01,1.48,48.11,38.71,80.65
ISU_NiemiLab-NLH,West Virginia,37.17,1.64,52.29,23.66,65.59
ISU_NiemiLab-NLH,Wisconsin,35.4,1.04,49.16,35.48,75.27
ISU_NiemiLab-NLH,Wyoming,19.74,2.06,17.63,38.71,76.34
ISU_NiemiLab-SIR,Alabama,49.52,1.15,67.66,25.71,55.71
ISU_NiemiLab-SIR,Alaska,5.03,1.16,7.84,35.71,87.14
ISU_NiemiLab-SIR,Arizona,148.79,0.98,206.45,38.57,64.29
ISU_NiemiLab-SIR,Arkansas,59.53,1.65,74.4,18.57,44.29
ISU_NiemiLab-SIR,California,211.51,1.06,295.67,47.14,71.43
ISU_NiemiLab-SIR,Colorado,43.2,1.07,59.9,28.57,68.57
ISU_NiemiLab-SIR,Connecticut,44.49,1.58,60.33,17.14,42.86
ISU_NiemiLab-SIR,Delaware,9.08,1.29,12.27,35.71,74.29
ISU_NiemiLab-SIR,District of Columbia,9.78,1.11,13.4,17.14,65.71
ISU_NiemiLab-SIR,Florida,47.62,0.7,38.52,83.33,100
ISU_NiemiLab-SIR,Georgia,126,0.96,162.45,35.71,64.29
ISU_NiemiLab-SIR,Hawaii,6.23,1.21,8.99,44.29,77.14
ISU_NiemiLab-SIR,Idaho,25.32,1.15,33.78,41.43,65.71
ISU_NiemiLab-SIR,Illinois,98.66,1.57,134.91,15.71,41.43
ISU_NiemiLab-SIR,Indiana,78.08,1.41,106.51,20,50
ISU_NiemiLab-SIR,Iowa,34.04,1.57,46,15.71,44.29
ISU_NiemiLab-SIR,Kansas,31.28,1.39,43.58,17.14,51.43
ISU_NiemiLab-SIR,Kentucky,60.56,1.45,78.33,15.71,50
ISU_NiemiLab-SIR,Louisiana,40.81,0.88,56.23,30,61.43
ISU_NiemiLab-SIR,Maine,10.63,1.06,15.3,28.57,75.71
ISU_NiemiLab-SIR,Maryland,56.25,1.14,74.46,8.57,48.57
ISU_NiemiLab-SIR,Massachusetts,117.57,1.36,150.52,16.67,39.39
ISU_NiemiLab-SIR,Michigan,140.16,1.17,195.11,14.29,48.57
ISU_NiemiLab-SIR,Minnesota,50.16,2.09,65.39,15.71,31.43
ISU_NiemiLab-SIR,Mississippi,29.11,0.81,38.17,45.71,81.43
ISU_NiemiLab-SIR,Missouri,93.67,1.51,122.89,12.86,42.86
ISU_NiemiLab-SIR,Montana,19.23,1.06,26.05,31.43,71.43
ISU_NiemiLab-SIR,Nebraska,20.3,1.68,25.76,31.43,60
ISU_NiemiLab-SIR,Nevada,28.29,1.39,39.88,10,57.14
ISU_NiemiLab-SIR,New Hampshire,11.38,1.37,15.15,45.71,71.43
ISU_NiemiLab-SIR,New Jersey,110.52,1.16,152.08,25.71,60
ISU_NiemiLab-SIR,New Mexico,50.92,1.5,68,20,72.86
ISU_NiemiLab-SIR,New York,253.87,1.58,344.8,8.57,40
ISU_NiemiLab-SIR,North Carolina,167.04,1.24,227.01,34.29,60
ISU_NiemiLab-SIR,North Dakota,7.94,1.31,10.37,44.29,67.14
ISU_NiemiLab-SIR,Ohio,170.67,1.74,218.02,12.86,28.57
ISU_NiemiLab-SIR,Oklahoma,64.67,1.15,92.39,8.57,60
ISU_NiemiLab-SIR,Oregon,28.69,1.46,38.37,11.43,50
ISU_NiemiLab-SIR,Pennsylvania,157.76,1.28,213.04,25.71,50
ISU_NiemiLab-SIR,Puerto Rico,18.04,1.4,28.35,44.29,88.57
ISU_NiemiLab-SIR,Rhode Island,11.18,1.49,15.51,15.71,60
ISU_NiemiLab-SIR,South Carolina,82.35,1.01,106.99,41.43,62.86
ISU_NiemiLab-SIR,South Dakota,12.2,1.31,17.04,25.71,67.14
ISU_NiemiLab-SIR,Tennessee,63.24,0.99,86.83,30,70
ISU_NiemiLab-SIR,Texas,223.17,1.19,322.98,27.14,57.14
ISU_NiemiLab-SIR,Utah,8.18,0.86,11.17,44.29,82.86
ISU_NiemiLab-SIR,Vermont,7.01,1.73,9.16,20,52.86
ISU_NiemiLab-SIR,Virginia,84.04,0.99,115.44,30,65.71
ISU_NiemiLab-SIR,Washington,30.08,1.23,43.48,34.29,77.14
ISU_NiemiLab-SIR,West Virginia,38.76,1.56,52.2,20,58.57
ISU_NiemiLab-SIR,Wisconsin,49.82,1.34,72.32,15.71,64.29
ISU_NiemiLab-SIR,Wyoming,10.3,0.92,15.24,45.71,75.71
JHU_CSSE-CSSE_Ensemble,Alabama,11.95,0.44,19.1,56.9,96.55
JHU_CSSE-CSSE_Ensemble,Alaska,2.23,1.09,3.31,48.28,84.48
JHU_CSSE-CSSE_Ensemble,Arizona,51.77,0.71,76.8,46.55,86.21
JHU_CSSE-CSSE_Ensemble,Arkansas,40.92,1.14,63.37,25.86,84.48
JHU_CSSE-CSSE_Ensemble,California,49.94,0.55,79.19,62.07,94.83
JHU_CSSE-CSSE_Ensemble,Colorado,21.26,0.85,33.39,43.1,89.66
JHU_CSSE-CSSE_Ensemble,Connecticut,32.34,1.25,46.52,25.86,67.24
JHU_CSSE-CSSE_Ensemble,Delaware,5.18,1.08,8.09,43.1,91.38
JHU_CSSE-CSSE_Ensemble,Florida,56.46,0.66,89.68,58.62,98.28
JHU_CSSE-CSSE_Ensemble,Georgia,27.53,0.54,43.32,50,94.83
JHU_CSSE-CSSE_Ensemble,Hawaii,4.54,1.01,6.67,43.1,82.76
JHU_CSSE-CSSE_Ensemble,Idaho,10.17,0.67,16.1,36.21,89.66
JHU_CSSE-CSSE_Ensemble,Illinois,40.05,0.89,61.71,37.93,81.03
JHU_CSSE-CSSE_Ensemble,Indiana,47.85,0.99,73.47,25.86,77.59
JHU_CSSE-CSSE_Ensemble,Iowa,28.9,1.2,41.17,20.69,63.79
JHU_CSSE-CSSE_Ensemble,Kansas,34.41,1.25,45.66,32.76,65.52
JHU_CSSE-CSSE_Ensemble,Kentucky,37.4,0.98,57.94,34.48,87.93
JHU_CSSE-CSSE_Ensemble,Louisiana,11.04,0.44,17.73,53.45,98.28
JHU_CSSE-CSSE_Ensemble,Maine,13.94,1.3,19.13,46.55,70.69
JHU_CSSE-CSSE_Ensemble,Maryland,27.24,0.76,41.16,34.48,81.03
JHU_CSSE-CSSE_Ensemble,Massachusetts,90.52,1.21,123.89,17.24,63.79
JHU_CSSE-CSSE_Ensemble,Michigan,151.94,1.1,211.41,18.97,56.9
JHU_CSSE-CSSE_Ensemble,Minnesota,26.74,1.29,38.62,32.76,75.86
JHU_CSSE-CSSE_Ensemble,Mississippi,11.07,0.56,17.46,58.62,96.55
JHU_CSSE-CSSE_Ensemble,Missouri,75.6,1.14,106.2,20.69,60.34
JHU_CSSE-CSSE_Ensemble,Montana,14.3,1.12,21.1,24.14,62.07
JHU_CSSE-CSSE_Ensemble,Nebraska,14.86,1.23,21.49,32.76,72.41
JHU_CSSE-CSSE_Ensemble,Nevada,6.26,0.49,9.75,58.62,96.55
JHU_CSSE-CSSE_Ensemble,New Hampshire,5.93,0.98,8.91,43.1,89.66
JHU_CSSE-CSSE_Ensemble,New Jersey,46.19,0.82,70.88,41.38,84.48
JHU_CSSE-CSSE_Ensemble,New Mexico,10.6,0.65,17.19,37.93,93.1
JHU_CSSE-CSSE_Ensemble,New York,116.85,1.03,170.11,20.69,74.14
JHU_CSSE-CSSE_Ensemble,North Carolina,23.69,0.41,36.64,55.17,98.28
JHU_CSSE-CSSE_Ensemble,North Dakota,5.38,1.14,7.62,58.62,89.66
JHU_CSSE-CSSE_Ensemble,Ohio,108.03,1.16,157.27,10.34,56.9
JHU_CSSE-CSSE_Ensemble,Oklahoma,74.25,1.15,98.99,36.21,67.24
JHU_CSSE-CSSE_Ensemble,Oregon,15.89,1.06,24.17,32.76,79.31
JHU_CSSE-CSSE_Ensemble,Pennsylvania,87.86,1.07,128.03,25.86,74.14
JHU_CSSE-CSSE_Ensemble,Rhode Island,5.44,0.96,7.98,48.28,82.76
JHU_CSSE-CSSE_Ensemble,South Carolina,16.07,0.47,24.87,55.17,98.28
JHU_CSSE-CSSE_Ensemble,South Dakota,10.73,1.26,15.87,31.03,77.59
JHU_CSSE-CSSE_Ensemble,Tennessee,25.71,0.61,40.07,53.45,96.55
JHU_CSSE-CSSE_Ensemble,Texas,78.57,0.55,130.8,51.72,96.55
JHU_CSSE-CSSE_Ensemble,Utah,4.25,0.81,6.89,56.9,98.28
JHU_CSSE-CSSE_Ensemble,Vermont,4.2,1.03,6.52,41.38,87.93
JHU_CSSE-CSSE_Ensemble,Virginia,27.09,0.6,43.79,46.55,98.28
JHU_CSSE-CSSE_Ensemble,Washington,11.84,0.72,18.19,63.79,96.55
JHU_CSSE-CSSE_Ensemble,West Virginia,27.13,1.11,42.34,31.03,77.59
JHU_CSSE-CSSE_Ensemble,Wisconsin,31.85,1.02,47.48,27.59,77.59
JHU_CSSE-CSSE_Ensemble,Wyoming,6.6,0.84,10.23,36.21,81.03
LUcompUncertLab-chimera,Alabama,42.63,1.11,63.82,46.6,75.73
LUcompUncertLab-chimera,Alaska,5.6,1.44,8.02,38.83,84.47
LUcompUncertLab-chimera,Arizona,107.06,0.79,169.21,37.86,85.44
LUcompUncertLab-chimera,Arkansas,30.15,0.89,37.24,49.51,86.41
LUcompUncertLab-chimera,California,189.48,1.05,263.34,52.43,90.29
LUcompUncertLab-chimera,Colorado,31.58,0.92,47.34,45.63,81.55
LUcompUncertLab-chimera,Connecticut,33.65,1.34,52.03,41.75,89.32
LUcompUncertLab-chimera,Delaware,7.68,1.17,10.45,43.69,82.52
LUcompUncertLab-chimera,District of Columbia,9.98,1.29,13.92,39.81,77.67
LUcompUncertLab-chimera,Florida,144.47,1.18,195.24,47.57,75.73
LUcompUncertLab-chimera,Georgia,95.55,0.82,114.2,65.05,75.73
LUcompUncertLab-chimera,Hawaii,4.54,0.98,6.87,48.54,86.41
LUcompUncertLab-chimera,Idaho,19.83,1.03,26.9,51.46,82.52
LUcompUncertLab-chimera,Illinois,53.77,0.93,86.66,50.49,89.32
LUcompUncertLab-chimera,Indiana,45.19,0.87,70.5,54.37,95.15
LUcompUncertLab-chimera,Iowa,20.15,0.97,30.28,39.81,87.38
LUcompUncertLab-chimera,Kansas,25.1,1.1,34.41,53.4,80.58
LUcompUncertLab-chimera,Kentucky,37.19,0.99,53.94,54.37,89.32
LUcompUncertLab-chimera,Louisiana,31.25,0.73,52.34,58.25,91.26
LUcompUncertLab-chimera,Maine,13.81,1.39,20.24,38.83,79.61
LUcompUncertLab-chimera,Maryland,46.34,1.09,66.11,39.81,71.84
LUcompUncertLab-chimera,Massachusetts,77.2,1.01,105.64,50.51,86.87
LUcompUncertLab-chimera,Michigan,97.19,0.9,153.6,39.81,86.41
LUcompUncertLab-chimera,Minnesota,30.38,1.44,45.22,42.72,85.44
LUcompUncertLab-chimera,Mississippi,30.24,0.9,42.73,60.19,84.47
LUcompUncertLab-chimera,Missouri,59.26,1.07,85.2,41.75,74.76
LUcompUncertLab-chimera,Montana,15.19,0.9,22.35,45.63,81.55
LUcompUncertLab-chimera,Nebraska,12.63,1.19,18.98,39.81,80.58
LUcompUncertLab-chimera,Nevada,19.21,1.03,30.42,39.81,78.64
LUcompUncertLab-chimera,New Hampshire,9.47,1.35,14.11,47.57,85.44
LUcompUncertLab-chimera,New Jersey,71.16,0.85,105.58,40.78,80.58
LUcompUncertLab-chimera,New Mexico,33.32,1.18,46.23,50.49,81.55
LUcompUncertLab-chimera,New York,134,0.98,197.62,43.69,86.41
LUcompUncertLab-chimera,North Carolina,105.99,0.88,172.08,49.51,80.58
LUcompUncertLab-chimera,North Dakota,6.16,1.04,9.55,42.72,84.47
LUcompUncertLab-chimera,Ohio,82.37,0.96,115.8,44.66,81.55
LUcompUncertLab-chimera,Oklahoma,52.98,1.02,77.93,47.57,82.52
LUcompUncertLab-chimera,Oregon,22.47,1.31,30.63,47.57,80.58
LUcompUncertLab-chimera,Pennsylvania,109.64,1,159.59,52.43,84.47
LUcompUncertLab-chimera,Puerto Rico,26.83,2.37,35.17,39.81,70.87
LUcompUncertLab-chimera,Rhode Island,6.56,1.07,9.44,61.17,91.26
LUcompUncertLab-chimera,South Carolina,63.25,0.88,96.38,48.54,83.5
LUcompUncertLab-chimera,South Dakota,10.05,1.18,14.15,41.75,87.38
LUcompUncertLab-chimera,Tennessee,54.68,0.96,78.88,54.37,84.47
LUcompUncertLab-chimera,Texas,194,1.11,283.86,47.57,93.2
LUcompUncertLab-chimera,Utah,9.6,1.09,14.11,43.69,85.44
LUcompUncertLab-chimera,Vermont,2.66,0.73,4.03,66.02,96.12
LUcompUncertLab-chimera,Virginia,103.93,1.39,139.81,54.37,83.5
LUcompUncertLab-chimera,Washington,27.09,1.16,42.28,43.69,83.5
LUcompUncertLab-chimera,West Virginia,25.55,1.06,35.17,40.78,81.55
LUcompUncertLab-chimera,Wisconsin,36.44,1.04,55.98,44.66,84.47
LUcompUncertLab-chimera,Wyoming,8.94,0.85,12.4,55.34,90.29
LosAlamos_NAU-CModel_Flu,Alabama,74.11,1.85,93.38,12.75,44.12
LosAlamos_NAU-CModel_Flu,Alaska,10.98,2.42,13.29,19.61,48.04
LosAlamos_NAU-CModel_Flu,Arizona,308.05,2.21,375.66,9.8,42.16
LosAlamos_NAU-CModel_Flu,Arkansas,79.58,2.23,93.69,8.82,28.43
LosAlamos_NAU-CModel_Flu,California,424.89,2.22,513.89,14.71,43.14
LosAlamos_NAU-CModel_Flu,Colorado,101.3,2.83,127.29,17.65,44.12
LosAlamos_NAU-CModel_Flu,Connecticut,79.73,3,97.88,15.69,34.31
LosAlamos_NAU-CModel_Flu,Delaware,15.81,2.21,19.09,27.45,48.04
LosAlamos_NAU-CModel_Flu,District of Columbia,25.21,2.95,33.63,20.59,49.02
LosAlamos_NAU-CModel_Flu,Florida,182.41,1.33,221.97,34.31,56.86
LosAlamos_NAU-CModel_Flu,Georgia,229.42,1.88,270.25,18.63,45.1
LosAlamos_NAU-CModel_Flu,Hawaii,6.77,1.4,9.09,16.67,64.71
LosAlamos_NAU-CModel_Flu,Idaho,82.35,3.72,103.86,12.75,32.35
LosAlamos_NAU-CModel_Flu,Illinois,202.27,3.21,239.3,18.63,27.45
LosAlamos_NAU-CModel_Flu,Indiana,126.9,2.4,158.82,16.67,40.2
LosAlamos_NAU-CModel_Flu,Iowa,44.97,2.11,56.43,7.84,28.43
LosAlamos_NAU-CModel_Flu,Kansas,35.28,1.57,48.69,24.51,52.94
LosAlamos_NAU-CModel_Flu,Kentucky,88.47,2.33,108.12,8.82,27.45
LosAlamos_NAU-CModel_Flu,Louisiana,88.8,1.97,109.22,24.51,51.96
LosAlamos_NAU-CModel_Flu,Maine,15.32,1.53,22.18,25.49,65.69
LosAlamos_NAU-CModel_Flu,Maryland,126.72,2.78,152.22,11.76,25.49
LosAlamos_NAU-CModel_Flu,Massachusetts,223.74,2.87,264.34,9.18,26.53
LosAlamos_NAU-CModel_Flu,Michigan,267.42,2.36,337.77,8.16,25.51
LosAlamos_NAU-CModel_Flu,Minnesota,75.41,3.33,91.31,11.76,43.14
LosAlamos_NAU-CModel_Flu,Mississippi,66.53,1.91,82.27,10.78,45.1
LosAlamos_NAU-CModel_Flu,Missouri,138.72,2.38,170.42,3.92,22.55
LosAlamos_NAU-CModel_Flu,Montana,52.7,3.04,62.65,27.45,50
LosAlamos_NAU-CModel_Flu,Nebraska,24.01,2.16,30.62,14.71,34.31
LosAlamos_NAU-CModel_Flu,Nevada,46.94,2.4,49.6,5.88,14.71
LosAlamos_NAU-CModel_Flu,New Hampshire,31.24,3.98,39.83,24.51,50
LosAlamos_NAU-CModel_Flu,New Jersey,302.81,3.34,361.74,26.47,49.02
LosAlamos_NAU-CModel_Flu,New Mexico,160.54,5.01,202.38,13.73,34.31
LosAlamos_NAU-CModel_Flu,New York,531.47,3.54,652.22,11.76,24.51
LosAlamos_NAU-CModel_Flu,North Carolina,347.28,2.66,429.66,18.63,50.98
LosAlamos_NAU-CModel_Flu,North Dakota,13.4,2.32,17.43,18.63,57.84
LosAlamos_NAU-CModel_Flu,Ohio,274.86,3.02,336.17,8.82,29.41
LosAlamos_NAU-CModel_Flu,Oklahoma,65.42,1.3,80.12,23.53,57.84
LosAlamos_NAU-CModel_Flu,Oregon,53.21,2.88,66.43,20.59,41.18
LosAlamos_NAU-CModel_Flu,Pennsylvania,352.12,3,420.71,5.88,29.41
LosAlamos_NAU-CModel_Flu,Puerto Rico,23.32,1.91,29.65,28.43,60.78
LosAlamos_NAU-CModel_Flu,Rhode Island,53.79,7.56,59.64,33.33,56.86
LosAlamos_NAU-CModel_Flu,South Carolina,177.69,2.31,212.69,14.71,47.06
LosAlamos_NAU-CModel_Flu,South Dakota,33.95,3.78,43.57,13.73,37.25
LosAlamos_NAU-CModel_Flu,Tennessee,143.99,2.38,169.12,19.61,50.98
LosAlamos_NAU-CModel_Flu,Texas,321.7,1.85,399.84,16.67,30.39
LosAlamos_NAU-CModel_Flu,Utah,25.64,2.7,32.14,20.59,56.86
LosAlamos_NAU-CModel_Flu,Vermont,5.5,1.46,8.12,25.49,69.61
LosAlamos_NAU-CModel_Flu,Virginia,149.05,1.89,177.82,21.57,45.1
LosAlamos_NAU-CModel_Flu,Washington,65.02,2.75,80.04,19.61,40.2
LosAlamos_NAU-CModel_Flu,West Virginia,57.69,2.29,70.15,19.61,48.04
LosAlamos_NAU-CModel_Flu,Wisconsin,116.65,3.09,142.72,6.86,36.27
LosAlamos_NAU-CModel_Flu,Wyoming,24.18,2.33,32.17,26.53,59.18
MIGHTE-Nsemble,Alabama,23.6,0.61,33.79,43.64,85.45
MIGHTE-Nsemble,Alaska,5.98,1.39,9.18,47.27,90
MIGHTE-Nsemble,Arizona,68.69,0.5,103.78,46.36,90.91
MIGHTE-Nsemble,Arkansas,36.36,1.06,57.17,40.91,87.27
MIGHTE-Nsemble,California,115.33,0.62,181.83,67.27,99.09
MIGHTE-Nsemble,Colorado,20.6,0.59,32.95,48.18,95.45
MIGHTE-Nsemble,Connecticut,24.82,1.01,39.48,50,97.27
MIGHTE-Nsemble,Delaware,5.63,0.86,8.74,53.64,97.27
MIGHTE-Nsemble,District of Columbia,5.77,0.74,8.22,40.91,77.27
MIGHTE-Nsemble,Florida,120.54,0.94,186.94,50.91,91.82
MIGHTE-Nsemble,Georgia,79.06,0.68,113.83,58.18,92.73
MIGHTE-Nsemble,Hawaii,4.81,0.99,7.12,63.64,97.27
MIGHTE-Nsemble,Idaho,15.98,0.82,24.06,60.91,99.09
MIGHTE-Nsemble,Illinois,45.83,0.79,65.35,72.73,100
MIGHTE-Nsemble,Indiana,37.08,0.73,55.93,61.82,99.09
MIGHTE-Nsemble,Iowa,24.28,1.17,38.27,64.55,100
MIGHTE-Nsemble,Kansas,20.21,0.89,30.22,43.64,85.45
MIGHTE-Nsemble,Kentucky,35.89,0.98,55.44,65.45,99.09
MIGHTE-Nsemble,Louisiana,21.29,0.5,33.87,61.82,96.36
MIGHTE-Nsemble,Maine,11.7,1.17,16.21,77.27,100
MIGHTE-Nsemble,Maryland,20.4,0.48,30.45,42.73,86.36
MIGHTE-Nsemble,Massachusetts,51.3,0.7,76.66,71.7,99.06
MIGHTE-Nsemble,Michigan,93.6,0.87,145.81,50.91,94.55
MIGHTE-Nsemble,Minnesota,20.26,0.95,32.7,43.64,98.18
MIGHTE-Nsemble,Mississippi,21.72,0.65,32.83,49.09,88.18
MIGHTE-Nsemble,Missouri,55.05,0.98,84.39,73.64,100
MIGHTE-Nsemble,Montana,11.02,0.66,17.91,45.45,95.45
MIGHTE-Nsemble,Nebraska,10.96,1.02,17.27,59.09,96.36
MIGHTE-Nsemble,Nevada,17.17,0.92,24.63,67.27,96.36
MIGHTE-Nsemble,New Hampshire,7.34,1.02,11.32,51.82,97.27
MIGHTE-Nsemble,New Jersey,53.55,0.64,80.62,37.27,87.27
MIGHTE-Nsemble,New Mexico,31.75,1.11,46.29,29.09,69.09
MIGHTE-Nsemble,New York,95.93,0.69,154,59.09,99.09
MIGHTE-Nsemble,North Carolina,68.34,0.56,97.18,43.64,82.73
MIGHTE-Nsemble,North Dakota,5.19,0.87,7.92,70.91,100
MIGHTE-Nsemble,Ohio,73.87,0.87,121.2,56.36,98.18
MIGHTE-Nsemble,Oklahoma,39.07,0.78,56.58,62.73,100
MIGHTE-Nsemble,Oregon,30.05,1.72,42.36,73.64,97.27
MIGHTE-Nsemble,Pennsylvania,76.71,0.71,125.29,50.91,100
MIGHTE-Nsemble,Puerto Rico,12,0.96,18.24,63.64,96.36
MIGHTE-Nsemble,Rhode Island,4.92,0.78,7.75,61.82,99.09
MIGHTE-Nsemble,South Carolina,47.22,0.66,65.84,47.27,88.18
MIGHTE-Nsemble,South Dakota,8.86,1.06,13.35,35.45,81.82
MIGHTE-Nsemble,Tennessee,36.32,0.65,55.25,60,92.73
MIGHTE-Nsemble,Texas,80.09,0.46,107.36,84.55,100
MIGHTE-Nsemble,Utah,8.84,0.98,13.38,61.82,94.55
MIGHTE-Nsemble,Vermont,4.74,1.27,7.54,56.36,100
MIGHTE-Nsemble,Virginia,49.14,0.68,75.88,50.91,94.55
MIGHTE-Nsemble,Washington,30.24,1.31,46.42,60.91,97.27
MIGHTE-Nsemble,West Virginia,17.54,0.74,27.02,40.91,91.82
MIGHTE-Nsemble,Wisconsin,34.22,0.98,46.91,81.82,100
MIGHTE-Nsemble,Wyoming,8.3,0.78,12.72,39.09,86.36
MOBS-GLEAM_FLUH,Alabama,27.61,0.72,45.04,39.09,88.18
MOBS-GLEAM_FLUH,Alaska,8.2,1.77,10.86,34.55,75.45
MOBS-GLEAM_FLUH,Arizona,79.62,0.58,120,19.09,70.91
MOBS-GLEAM_FLUH,Arkansas,38.77,1.14,53.19,39.09,71.82
MOBS-GLEAM_FLUH,California,131.24,0.71,202.96,41.82,86.36
MOBS-GLEAM_FLUH,Colorado,27.39,0.78,40.8,34.55,74.55
MOBS-GLEAM_FLUH,Connecticut,28.97,1.17,41.95,28.18,72.73
MOBS-GLEAM_FLUH,Delaware,7.51,1.18,10.9,34.91,80.19
MOBS-GLEAM_FLUH,District of Columbia,6.94,0.86,10.09,23.64,64.55
MOBS-GLEAM_FLUH,Florida,95.01,0.73,141.69,66.36,96.36
MOBS-GLEAM_FLUH,Georgia,63.89,0.56,88.39,54.55,80.91
MOBS-GLEAM_FLUH,Hawaii,4.54,0.9,6.54,50.91,96.36
MOBS-GLEAM_FLUH,Idaho,17.69,0.91,25.47,35.45,76.36
MOBS-GLEAM_FLUH,Illinois,59.22,1.03,92.17,32.73,80.91
MOBS-GLEAM_FLUH,Indiana,46.23,0.9,68.79,40.91,83.64
MOBS-GLEAM_FLUH,Iowa,22.25,1.09,31.5,32.73,70
MOBS-GLEAM_FLUH,Kansas,19.3,0.87,28.41,32.73,73.64
MOBS-GLEAM_FLUH,Kentucky,40.36,1.09,60.31,31.82,72.73
MOBS-GLEAM_FLUH,Louisiana,20.57,0.48,32.79,50,95.45
MOBS-GLEAM_FLUH,Maine,9.41,0.95,13.99,37.27,80
MOBS-GLEAM_FLUH,Maryland,37.47,0.89,55.97,33.64,76.36
MOBS-GLEAM_FLUH,Massachusetts,73,1.08,101.18,34.31,71.57
MOBS-GLEAM_FLUH,Michigan,112.34,1.08,155.31,27.36,75.47
MOBS-GLEAM_FLUH,Minnesota,24.92,1.17,40.31,31.82,88.18
MOBS-GLEAM_FLUH,Mississippi,22.34,0.66,35.63,43.64,94.55
MOBS-GLEAM_FLUH,Missouri,56.93,1.01,80.56,32.73,78.18
MOBS-GLEAM_FLUH,Montana,10.3,0.63,15.77,33.64,75.45
MOBS-GLEAM_FLUH,Nebraska,14.65,1.42,20.98,30,71.82
MOBS-GLEAM_FLUH,Nevada,10.93,0.59,16.18,45.45,94.55
MOBS-GLEAM_FLUH,New Hampshire,10.24,1.45,15.17,32.73,71.82
MOBS-GLEAM_FLUH,New Jersey,69.79,0.84,104.55,35.45,73.64
MOBS-GLEAM_FLUH,New Mexico,22.53,0.76,31.39,21.82,69.09
MOBS-GLEAM_FLUH,New York,137.98,1,202.34,30.91,69.09
MOBS-GLEAM_FLUH,North Carolina,65.05,0.55,103.1,21.82,74.55
MOBS-GLEAM_FLUH,North Dakota,5.34,0.9,7.79,37.27,81.82
MOBS-GLEAM_FLUH,Ohio,83.43,0.99,126.47,26.36,74.55
MOBS-GLEAM_FLUH,Oklahoma,32.68,0.66,46.45,43.64,83.64
MOBS-GLEAM_FLUH,Oregon,21.13,1.25,31.3,36.36,80
MOBS-GLEAM_FLUH,Pennsylvania,98.03,0.9,150.77,37.27,87.27
MOBS-GLEAM_FLUH,Rhode Island,6.91,1.15,10.3,24.53,66.04
MOBS-GLEAM_FLUH,South Carolina,40.79,0.58,65.4,33.64,87.27
MOBS-GLEAM_FLUH,South Dakota,10.76,1.3,15.01,30.91,66.36
MOBS-GLEAM_FLUH,Tennessee,44.33,0.79,68.56,46.36,90
MOBS-GLEAM_FLUH,Texas,96.05,0.56,139.42,67.27,97.27
MOBS-GLEAM_FLUH,Utah,11.33,1.29,16.84,37.27,82.73
MOBS-GLEAM_FLUH,Vermont,3.36,0.92,5,43.64,84.55
MOBS-GLEAM_FLUH,Virginia,56.76,0.78,88.09,45.45,89.09
MOBS-GLEAM_FLUH,Washington,30.22,1.29,45.27,34.55,80
MOBS-GLEAM_FLUH,West Virginia,27.45,1.16,38.15,27.27,71.82
MOBS-GLEAM_FLUH,Wisconsin,37.05,1.07,55.79,30,75.45
MOBS-GLEAM_FLUH,Wyoming,8.12,0.77,11.83,30.91,73.64
NIH-Flu_ARIMA,California,121.59,0.66,164.57,66.67,100
NIH-Flu_ARIMA,Colorado,29.46,0.86,46.77,53.33,97.78
NIH-Flu_ARIMA,Connecticut,22.96,0.99,36.47,38.37,87.21
NIH-Flu_ARIMA,Georgia,87.76,0.78,126.59,37.21,94.19
NIH-Flu_ARIMA,Maryland,30.33,0.73,47.07,48.89,100
NIH-Flu_ARIMA,Michigan,92.71,0.89,146.44,34.44,94.44
NIH-Flu_ARIMA,Minnesota,21.98,0.99,36.64,41.11,100
NIH-Flu_ARIMA,New Mexico,19.85,0.79,28.3,56.98,98.84
NIH-Flu_ARIMA,New York,118.98,0.91,198.69,48.89,100
NIH-Flu_ARIMA,Ohio,104.61,1.18,181.97,30,100
NIH-Flu_ARIMA,Oregon,14.43,0.85,23.45,61.63,97.67
NIH-Flu_ARIMA,Tennessee,43.57,0.77,66.1,60.47,100
NU_UCSD-GLEAM_AI_FLUH,Alabama,31.2,0.69,48.74,39.51,91.36
NU_UCSD-GLEAM_AI_FLUH,Alaska,1.86,0.79,3.1,41.98,96.3
NU_UCSD-GLEAM_AI_FLUH,Arizona,97.41,0.62,128.59,45.68,79.01
NU_UCSD-GLEAM_AI_FLUH,Arkansas,59.5,1.38,88.4,32.1,71.6
NU_UCSD-GLEAM_AI_FLUH,California,232.4,1.13,352.4,53.09,88.89
NU_UCSD-GLEAM_AI_FLUH,Colorado,33.98,0.89,52.45,48.15,92.59
NU_UCSD-GLEAM_AI_FLUH,Connecticut,37.07,1.26,55.55,35.06,81.82
NU_UCSD-GLEAM_AI_FLUH,Delaware,17.51,2.32,24.2,22.22,74.07
NU_UCSD-GLEAM_AI_FLUH,District of Columbia,10.06,1.1,14.39,27.16,67.9
NU_UCSD-GLEAM_AI_FLUH,Florida,179.46,1.38,244.18,56.79,82.72
NU_UCSD-GLEAM_AI_FLUH,Georgia,86.92,0.65,121.26,34.57,88.89
NU_UCSD-GLEAM_AI_FLUH,Hawaii,4.86,1.02,7.21,51.85,95.06
NU_UCSD-GLEAM_AI_FLUH,Idaho,30.33,1.22,42.3,30.86,67.9
NU_UCSD-GLEAM_AI_FLUH,Illinois,87.73,1.25,134.04,41.98,90.12
NU_UCSD-GLEAM_AI_FLUH,Indiana,51.84,0.87,75.15,53.09,93.83
NU_UCSD-GLEAM_AI_FLUH,Iowa,24.58,1.03,37.98,40.74,92.59
NU_UCSD-GLEAM_AI_FLUH,Kansas,29.78,1.1,44.77,39.51,82.72
NU_UCSD-GLEAM_AI_FLUH,Kentucky,75.24,1.59,111.53,37.04,82.72
NU_UCSD-GLEAM_AI_FLUH,Louisiana,35.3,0.74,56.11,37.04,90.12
NU_UCSD-GLEAM_AI_FLUH,Maine,14.07,1.25,20.48,50.62,83.95
NU_UCSD-GLEAM_AI_FLUH,Maryland,62.98,1.17,89.84,30.86,70.37
NU_UCSD-GLEAM_AI_FLUH,Massachusetts,93.64,1.03,138.65,42.86,83.12
NU_UCSD-GLEAM_AI_FLUH,Michigan,145.97,1.08,210.07,33.33,75.31
NU_UCSD-GLEAM_AI_FLUH,Minnesota,51.69,1.99,80.2,54.32,90.12
NU_UCSD-GLEAM_AI_FLUH,Mississippi,30.2,0.75,47.64,46.91,90.12
NU_UCSD-GLEAM_AI_FLUH,Missouri,76.24,1.08,111,35.8,77.78
NU_UCSD-GLEAM_AI_FLUH,Montana,18.59,0.92,26.5,22.22,72.84
NU_UCSD-GLEAM_AI_FLUH,Nebraska,16.35,1.25,24.57,46.91,79.01
NU_UCSD-GLEAM_AI_FLUH,Nevada,16.39,0.75,23.98,46.91,91.36
NU_UCSD-GLEAM_AI_FLUH,New Hampshire,14.58,1.7,22.27,43.21,79.01
NU_UCSD-GLEAM_AI_FLUH,New Jersey,114.14,1.12,163.74,41.98,75.31
NU_UCSD-GLEAM_AI_FLUH,New Mexico,29.84,0.82,43.23,34.57,82.72
NU_UCSD-GLEAM_AI_FLUH,New York,160.65,1,251.64,43.21,86.42
NU_UCSD-GLEAM_AI_FLUH,North Carolina,109.87,0.77,158.7,39.51,79.01
NU_UCSD-GLEAM_AI_FLUH,North Dakota,7.84,1.18,12.02,40.74,82.72
NU_UCSD-GLEAM_AI_FLUH,Ohio,135.99,1.24,205.81,24.69,79.01
NU_UCSD-GLEAM_AI_FLUH,Oklahoma,52.51,0.84,81.41,39.51,91.36
NU_UCSD-GLEAM_AI_FLUH,Oregon,41.17,1.86,60.68,41.98,85.19
NU_UCSD-GLEAM_AI_FLUH,Pennsylvania,144.19,1.06,212.17,44.44,77.78
NU_UCSD-GLEAM_AI_FLUH,Rhode Island,7.65,1,10.86,51.85,79.01
NU_UCSD-GLEAM_AI_FLUH,South Carolina,66.21,0.77,87.6,45.68,72.84
NU_UCSD-GLEAM_AI_FLUH,South Dakota,17.22,1.7,23.76,24.69,59.26
NU_UCSD-GLEAM_AI_FLUH,Tennessee,59.7,0.85,92.51,48.15,86.42
NU_UCSD-GLEAM_AI_FLUH,Texas,140.9,0.72,218.98,58.02,97.53
NU_UCSD-GLEAM_AI_FLUH,Utah,12.92,1.19,18.73,44.44,80.25
NU_UCSD-GLEAM_AI_FLUH,Vermont,5.67,1.34,8.74,56.79,91.36
NU_UCSD-GLEAM_AI_FLUH,Virginia,97.52,1.07,139.67,48.15,74.07
NU_UCSD-GLEAM_AI_FLUH,Washington,43.26,1.67,68.1,55.56,90.12
NU_UCSD-GLEAM_AI_FLUH,West Virginia,38.62,1.29,53.57,38.27,71.6
NU_UCSD-GLEAM_AI_FLUH,Wisconsin,49.38,1.21,73.8,40.74,81.48
NU_UCSD-GLEAM_AI_FLUH,Wyoming,12.4,1.12,17.2,32.1,70.37
PSI-PROF,Alabama,33.3,0.87,53.42,53.64,90.91
PSI-PROF,Alaska,5.27,1.16,7.01,40.91,73.64
PSI-PROF,Arizona,80.78,0.6,133.84,60,93.64
PSI-PROF,Arkansas,35.81,1.03,45.53,43.64,76.36
PSI-PROF,California,122.9,0.64,178.1,73.64,100
PSI-PROF,Colorado,28,0.8,43.39,62.73,98.18
PSI-PROF,Connecticut,25.56,1.03,36.87,45.45,81.82
PSI-PROF,Delaware,6.59,0.98,8.91,51.82,86.36
PSI-PROF,District of Columbia,7.81,0.98,10.62,34.55,75.45
PSI-PROF,Florida,134.11,1.04,177.1,63.64,91.82
PSI-PROF,Georgia,73.66,0.65,106.15,53.64,95.45
PSI-PROF,Hawaii,5.62,1.15,7.3,50,82.73
PSI-PROF,Idaho,15.91,0.81,23.41,55.45,86.36
PSI-PROF,Illinois,52.99,0.91,76.84,66.36,96.36
PSI-PROF,Indiana,42.93,0.86,66.41,50.91,93.64
PSI-PROF,Iowa,18.62,0.91,26.83,40,91.82
PSI-PROF,Kansas,22.33,0.97,31.08,41.82,81.82
PSI-PROF,Kentucky,37.26,1.01,53.53,37.27,83.64
PSI-PROF,Louisiana,32.45,0.77,51.57,48.18,94.55
PSI-PROF,Maine,9.25,0.91,13.99,52.73,90.91
PSI-PROF,Maryland,36.35,0.85,58.52,40,87.27
PSI-PROF,Massachusetts,67.5,0.92,111.87,37.74,86.79
PSI-PROF,Michigan,96.47,0.91,141.95,35.45,83.64
PSI-PROF,Minnesota,19.17,0.89,28.89,50.91,93.64
PSI-PROF,Mississippi,26.3,0.79,40.91,55.45,94.55
PSI-PROF,Missouri,48.42,0.87,75.64,40.91,88.18
PSI-PROF,Montana,14.75,0.87,21.68,42.73,80
PSI-PROF,Nebraska,11.52,1.11,15.3,45.45,78.18
PSI-PROF,Nevada,16.43,0.89,25.81,58.18,94.55
PSI-PROF,New Hampshire,7.17,0.99,10.42,41.82,83.64
PSI-PROF,New Jersey,74.22,0.88,109.95,47.27,90.91
PSI-PROF,New Mexico,23.95,0.82,35.68,54.55,85.45
PSI-PROF,New York,113.21,0.82,180.5,56.36,97.27
PSI-PROF,North Carolina,80.21,0.66,122.59,57.27,90.91
PSI-PROF,North Dakota,6.03,1,8.94,50,90.91
PSI-PROF,Ohio,73.06,0.86,112.66,41.82,89.09
PSI-PROF,Oklahoma,37.75,0.77,59.9,49.09,87.27
PSI-PROF,Oregon,16.59,0.97,24.75,48.18,89.09
PSI-PROF,Pennsylvania,90.66,0.83,150.45,45.45,95.45
PSI-PROF,Puerto Rico,13.05,1.05,17.32,58.18,91.82
PSI-PROF,Rhode Island,5.91,0.94,8.83,55.45,91.82
PSI-PROF,South Carolina,49.51,0.69,77.47,49.09,93.64
PSI-PROF,South Dakota,8.29,0.98,12.28,46.36,80.91
PSI-PROF,Tennessee,43.47,0.77,65.52,58.18,93.64
PSI-PROF,Texas,146.19,0.84,228.51,59.09,94.55
PSI-PROF,Utah,8.22,0.94,12.05,58.18,89.09
PSI-PROF,Vermont,3.82,1.05,5.78,38.18,80.91
PSI-PROF,Virginia,65.25,0.88,100.34,54.55,85.45
PSI-PROF,Washington,20.76,0.89,28.9,58.18,88.18
PSI-PROF,West Virginia,23.8,0.99,34.61,42.73,80.91
PSI-PROF,Wisconsin,30.14,0.86,49.51,46.36,97.27
PSI-PROF,Wyoming,9.45,0.88,13.23,40.91,76.36
PSI-PROF_beta,Alabama,31.73,0.8,52.33,55.41,90.54
PSI-PROF_beta,Alaska,2.31,1.04,3.6,51.35,89.19
PSI-PROF_beta,Arizona,82.59,0.57,130.82,63.51,93.24
PSI-PROF_beta,Arkansas,43.88,1,56.17,43.24,74.32
PSI-PROF_beta,California,117.24,0.6,166.59,77.03,94.59
PSI-PROF_beta,Colorado,28.14,0.81,45.41,62.16,95.95
PSI-PROF_beta,Connecticut,31.54,1.08,44.69,44.59,74.32
PSI-PROF_beta,Delaware,8.55,1.18,11.78,40.54,83.78
PSI-PROF_beta,District of Columbia,8.65,1,11.46,47.3,79.73
PSI-PROF_beta,Florida,93.38,0.81,142.56,62.16,91.89
PSI-PROF_beta,Georgia,81.45,0.65,118.47,56.76,89.19
PSI-PROF_beta,Hawaii,4.76,1.06,7.27,48.65,86.49
PSI-PROF_beta,Idaho,18.46,0.86,26.8,50,78.38
PSI-PROF_beta,Illinois,61.19,0.92,94.15,59.46,91.89
PSI-PROF_beta,Indiana,50.91,0.87,82.23,45.95,90.54
PSI-PROF_beta,Iowa,22.92,0.96,32.65,39.19,87.84
PSI-PROF_beta,Kansas,26.08,0.95,39.11,35.14,85.14
PSI-PROF_beta,Kentucky,46.57,1.01,67.88,35.14,77.03
PSI-PROF_beta,Louisiana,31.25,0.72,52.28,48.65,95.95
PSI-PROF_beta,Maine,11.64,1.05,17.73,47.3,94.59
PSI-PROF_beta,Maryland,46.52,0.94,68.43,39.19,78.38
PSI-PROF_beta,Massachusetts,81.38,0.89,127.35,40,81.43
PSI-PROF_beta,Michigan,127.96,0.92,187.61,29.73,77.03
PSI-PROF_beta,Minnesota,24.75,0.97,37.12,52.7,94.59
PSI-PROF_beta,Mississippi,28.32,0.75,44.95,51.35,97.3
PSI-PROF_beta,Missouri,61.07,0.86,98.85,33.78,83.78
PSI-PROF_beta,Montana,18.22,0.94,25.95,40.54,83.78
PSI-PROF_beta,Nebraska,14.22,1.09,19.15,39.19,75.68
PSI-PROF_beta,Nevada,15.47,0.78,26.62,60.81,98.65
PSI-PROF_beta,New Hampshire,8.45,1.04,12.48,37.84,83.78
PSI-PROF_beta,New Jersey,87.29,0.93,127.17,56.76,89.19
PSI-PROF_beta,New Mexico,24.31,0.8,34.29,66.22,86.49
PSI-PROF_beta,New York,130.17,0.87,217.65,51.35,91.89
PSI-PROF_beta,North Carolina,97.23,0.75,133.1,64.86,78.38
PSI-PROF_beta,North Dakota,7.27,1.11,10.35,52.7,86.49
PSI-PROF_beta,Ohio,93.17,0.86,149.13,29.73,83.78
PSI-PROF_beta,Oklahoma,44.04,0.73,72.94,51.35,94.59
PSI-PROF_beta,Oregon,19.48,0.96,29.27,47.3,86.49
PSI-PROF_beta,Pennsylvania,129.5,1,201.72,45.95,79.73
PSI-PROF_beta,Puerto Rico,7.11,0.97,11.09,60.81,98.65
PSI-PROF_beta,Rhode Island,7.65,1.06,10.57,50,81.08
PSI-PROF_beta,South Carolina,58.44,0.75,85.61,58.11,90.54
PSI-PROF_beta,South Dakota,10.86,1.11,15.29,36.49,75.68
PSI-PROF_beta,Tennessee,56.28,0.83,85.3,48.65,90.54
PSI-PROF_beta,Texas,139.93,0.77,242.01,40.54,93.24
PSI-PROF_beta,Utah,8.85,0.88,13.39,59.46,85.14
PSI-PROF_beta,Vermont,4.48,1.06,6.84,36.49,87.84
PSI-PROF_beta,Virginia,79.74,0.92,114.48,52.7,78.38
PSI-PROF_beta,Washington,24.33,1.07,36.5,58.11,93.24
PSI-PROF_beta,West Virginia,30.2,1.01,45.59,35.14,74.32
PSI-PROF_beta,Wisconsin,37.51,0.95,61.3,47.3,93.24
PSI-PROF_beta,Wyoming,8.26,0.81,12.75,51.35,90.54
SGroup-RandomForest,Alabama,31.33,0.86,44.38,35.85,89.62
SGroup-RandomForest,Alaska,4.2,0.91,6.03,41.51,92.45
SGroup-RandomForest,Arizona,109.91,0.84,154.94,43.4,82.08
SGroup-RandomForest,Arkansas,35.13,1.07,52.41,38.68,83.96
SGroup-RandomForest,California,144.54,0.83,212.66,53.77,90.57
SGroup-RandomForest,Colorado,31.66,0.92,47.49,50,89.62
SGroup-RandomForest,Connecticut,25.19,1.05,40.27,42.45,92.45
SGroup-RandomForest,Delaware,6.57,1.11,9.05,51.89,85.85
SGroup-RandomForest,District of Columbia,6.57,0.87,9.84,43.4,84.91
SGroup-RandomForest,Florida,128.91,1.04,202,47.17,99.06
SGroup-RandomForest,Georgia,89.96,0.79,127.49,41.51,82.08
SGroup-RandomForest,Hawaii,4.88,1,7.58,50,94.34
SGroup-RandomForest,Idaho,17.98,0.97,24.57,44.34,84.91
SGroup-RandomForest,Illinois,54.08,0.99,85.67,43.4,93.4
SGroup-RandomForest,Indiana,48.18,1.04,80.15,37.74,98.11
SGroup-RandomForest,Iowa,18.19,0.9,29.25,39.62,96.23
SGroup-RandomForest,Kansas,22.02,1,32.1,37.74,83.96
SGroup-RandomForest,Kentucky,35.76,1.05,55.09,38.68,88.68
SGroup-RandomForest,Louisiana,29.13,0.75,45.96,44.34,94.34
SGroup-RandomForest,Maine,9.63,1.03,14.64,43.4,86.79
SGroup-RandomForest,Maryland,35.49,0.91,53.62,27.36,91.51
SGroup-RandomForest,Massachusetts,61.26,0.89,100.47,37.25,95.1
SGroup-RandomForest,Michigan,88.15,0.87,135.56,36.79,83.96
SGroup-RandomForest,Minnesota,21.16,1.07,32.37,53.77,97.17
SGroup-RandomForest,Mississippi,25.52,0.82,35.74,46.23,91.51
SGroup-RandomForest,Missouri,57.65,1.07,92.74,23.58,86.79
SGroup-RandomForest,Montana,14.18,0.88,21.14,31.13,83.02
SGroup-RandomForest,Nebraska,11.6,1.14,17.2,47.17,88.68
SGroup-RandomForest,Nevada,16.15,0.93,24.77,52.83,93.4
SGroup-RandomForest,New Hampshire,7.45,1.14,10.76,51.89,89.62
SGroup-RandomForest,New Jersey,72.78,0.95,109.25,36.79,87.74
SGroup-RandomForest,New Mexico,25.73,0.93,36.22,44.34,84.91
SGroup-RandomForest,New York,143.99,1.09,226.18,35.85,90.57
SGroup-RandomForest,North Carolina,82.82,0.8,123.43,33.02,88.68
SGroup-RandomForest,North Dakota,5.99,1.03,8.91,54.72,90.57
SGroup-RandomForest,Ohio,84.65,1.02,130.84,39.62,85.85
SGroup-RandomForest,Oklahoma,41.18,0.84,61.01,38.68,83.96
SGroup-RandomForest,Oregon,18.22,1.17,25.83,53.77,86.79
SGroup-RandomForest,Pennsylvania,90.02,0.93,139.24,45.28,93.4
SGroup-RandomForest,Puerto Rico,12.23,0.96,18.46,70.75,100
SGroup-RandomForest,Rhode Island,5.43,0.93,8.3,50,91.51
SGroup-RandomForest,South Carolina,51.35,0.82,71.02,40.57,87.74
SGroup-RandomForest,South Dakota,7.76,0.98,11.31,39.62,82.08
SGroup-RandomForest,Tennessee,45.76,0.89,67.52,38.68,90.57
SGroup-RandomForest,Texas,163.35,1.02,254.24,44.34,94.34
SGroup-RandomForest,Utah,7.43,0.97,11.35,54.72,94.34
SGroup-RandomForest,Vermont,3.59,1.03,5.6,48.11,95.28
SGroup-RandomForest,Virginia,57.03,0.87,83.17,39.62,89.62
SGroup-RandomForest,Washington,22.15,1.04,34.47,33.96,96.23
SGroup-RandomForest,West Virginia,24.9,1.09,36.22,38.68,82.08
SGroup-RandomForest,Wisconsin,33.3,1.05,52.34,46.23,92.45
SGroup-RandomForest,Wyoming,10.83,1.04,15.84,29.25,75.47
SigSci-CREG,Alabama,48.32,1.34,60.05,32.98,55.32
SigSci-CREG,Alaska,4.56,1.04,6.76,53.19,88.3
SigSci-CREG,Arizona,130.61,1.38,185.87,50,70.73
SigSci-CREG,Arkansas,41.91,1.34,57.64,41.49,72.34
SigSci-CREG,California,129.66,1.31,193.59,48.72,80.77
SigSci-CREG,Colorado,42.99,1.4,60.4,44.19,74.42
SigSci-CREG,Connecticut,24.47,1.53,36.15,20.97,77.42
SigSci-CREG,Delaware,5.7,1.1,7.5,58.89,85.56
SigSci-CREG,Florida,194.75,1.49,253.42,34.88,59.3
SigSci-CREG,Georgia,115.05,1.45,143.5,32.05,69.23
SigSci-CREG,Hawaii,5.65,1.17,8.55,41.82,87.27
SigSci-CREG,Idaho,16.8,1.25,21.97,45.71,82.86
SigSci-CREG,Illinois,38.05,1.05,61.73,28.85,88.46
SigSci-CREG,Indiana,33.26,0.94,54.94,29.03,88.71
SigSci-CREG,Iowa,16.07,1.31,22.9,39.66,75.86
SigSci-CREG,Kansas,22.63,1.24,28.9,44.29,70
SigSci-CREG,Kentucky,31.24,1.36,42.29,43.94,83.33
SigSci-CREG,Louisiana,34.76,0.99,47.22,30,72.22
SigSci-CREG,Maine,11.15,1.51,14.03,55.71,74.29
SigSci-CREG,Maryland,31.6,1.16,43.66,36.62,73.24
SigSci-CREG,Massachusetts,44.08,1.02,64.21,39.39,83.33
SigSci-CREG,Michigan,94.24,0.99,134.06,23.44,68.75
SigSci-CREG,Minnesota,21.39,1.65,33.48,29.31,84.48
SigSci-CREG,Mississippi,39.92,1.3,50.36,34.74,67.37
SigSci-CREG,Missouri,35.84,1.21,50.67,37.04,83.33
SigSci-CREG,Montana,12.46,1.03,17.65,45.35,76.74
SigSci-CREG,Nebraska,14.91,1.45,21.91,30,76.67
SigSci-CREG,Nevada,22.69,1.33,32.34,55.32,81.91
SigSci-CREG,New Hampshire,7.65,1.14,10.74,51.02,88.78
SigSci-CREG,New Jersey,50.66,1,73.25,40.3,82.09
SigSci-CREG,New Mexico,24.52,1.1,32.52,45.56,86.67
SigSci-CREG,New York,80.79,1.15,122.14,14.29,74.29
SigSci-CREG,North Carolina,119.99,1.47,154.16,45.12,74.39
SigSci-CREG,North Dakota,5.89,1.1,7.99,55.1,82.65
SigSci-CREG,Ohio,93.13,1.55,130.92,27.27,57.58
SigSci-CREG,Oklahoma,38.08,1.26,55.39,28.38,85.14
SigSci-CREG,Oregon,23.93,1.97,34.55,20.27,74.32
SigSci-CREG,Pennsylvania,60.67,0.97,84.48,51.61,83.87
SigSci-CREG,Rhode Island,5.66,1.18,7.56,44.44,83.33
SigSci-CREG,South Carolina,70.84,1.41,89.8,32.93,69.51
SigSci-CREG,South Dakota,8.73,1.19,12.11,52.17,76.09
SigSci-CREG,Tennessee,42.47,1.25,56.63,29.85,70.15
SigSci-CREG,Texas,152.64,1.17,235.82,18.18,66.67
SigSci-CREG,Utah,10.18,1.46,14.25,24.51,84.31
SigSci-CREG,Vermont,5.16,1.72,7.82,26.92,78.21
SigSci-CREG,Virginia,64.94,1.22,86.23,29.33,64
SigSci-CREG,Washington,18.27,1.08,29.54,42.68,91.46
SigSci-CREG,West Virginia,27.85,1.22,40.21,32.35,79.41
SigSci-CREG,Wisconsin,31.02,1.1,44.14,39.53,83.72
SigSci-CREG,Wyoming,13.7,1.38,19.31,33.33,69.61
SigSci-TSENS,Alabama,34.24,0.89,52.3,48.18,91.82
SigSci-TSENS,Alaska,4.25,0.97,6.35,64.55,90
SigSci-TSENS,Arizona,100.57,0.77,152.6,64.15,90.57
SigSci-TSENS,Arkansas,34.43,1.01,50.31,64.55,90
SigSci-TSENS,California,154.43,0.83,235.61,65.45,91.82
SigSci-TSENS,Colorado,32.98,0.94,47.75,43.64,80
SigSci-TSENS,Connecticut,24.43,1,37.29,52.73,91.82
SigSci-TSENS,Delaware,5.96,0.9,8.75,57.27,93.64
SigSci-TSENS,Florida,104.87,0.82,166.2,51.82,92.73
SigSci-TSENS,Georgia,91.79,0.85,123.2,48.11,74.53
SigSci-TSENS,Hawaii,4.33,0.89,6.37,39.09,80
SigSci-TSENS,Idaho,18.6,0.97,27.1,58.18,85.45
SigSci-TSENS,Illinois,50.77,0.87,74.79,64.55,95.45
SigSci-TSENS,Indiana,45.3,0.9,63.79,70.91,99.09
SigSci-TSENS,Iowa,20.93,1.04,31.61,53.64,88.18
SigSci-TSENS,Kansas,20.59,0.93,30.12,53.64,85.45
SigSci-TSENS,Kentucky,35.99,1.02,53.52,66.36,97.27
SigSci-TSENS,Louisiana,34.94,0.83,55.27,51.82,90
SigSci-TSENS,Maine,10.34,1.06,16.44,58.18,94.55
SigSci-TSENS,Maryland,45.17,1.06,60.9,41.82,71.82
SigSci-TSENS,Massachusetts,76.94,1.18,101.49,52.04,75.51
SigSci-TSENS,Michigan,109.79,1.03,156.41,44.04,78.9
SigSci-TSENS,Minnesota,18.48,0.89,27.4,66.36,93.64
SigSci-TSENS,Mississippi,32.9,0.99,43.61,42.73,78.18
SigSci-TSENS,Missouri,47.42,0.87,73.68,53.64,93.64
SigSci-TSENS,Montana,17.57,1.05,23.11,42.73,71.82
SigSci-TSENS,Nebraska,10.73,1.04,16.18,52.73,86.36
SigSci-TSENS,Nevada,16.07,0.87,23.96,68.18,97.27
SigSci-TSENS,New Hampshire,6.66,0.95,10.38,63.64,93.64
SigSci-TSENS,New Jersey,77.34,0.92,106.71,64.55,86.36
SigSci-TSENS,New Mexico,25.73,0.9,36.37,61.82,83.64
SigSci-TSENS,New York,149.67,1.08,216.74,36.7,75.23
SigSci-TSENS,North Carolina,99.6,0.81,149.22,57.8,86.24
SigSci-TSENS,North Dakota,5.36,0.9,7.89,57.27,90
SigSci-TSENS,Ohio,81.9,0.98,121.6,42.2,77.06
SigSci-TSENS,Oklahoma,37.5,0.77,61.25,71.82,100
SigSci-TSENS,Oregon,18.42,1.09,25.45,80,100
SigSci-TSENS,Pennsylvania,89.95,0.84,137.96,55.45,90.91
SigSci-TSENS,Rhode Island,7.07,1.13,9.89,48.18,73.64
SigSci-TSENS,South Carolina,78.51,1.14,92.11,50.94,70.75
SigSci-TSENS,South Dakota,8.09,0.98,12.08,49.09,80
SigSci-TSENS,Tennessee,52.62,0.92,76.59,57.27,89.09
SigSci-TSENS,Texas,149.16,0.87,254.19,34.55,93.64
SigSci-TSENS,Utah,8.51,0.98,11.45,60,80.91
SigSci-TSENS,Vermont,3.37,0.93,5.42,56.36,98.18
SigSci-TSENS,Virginia,67.85,0.91,96.35,47.27,88.18
SigSci-TSENS,Washington,21.77,0.95,31.55,84.55,100
SigSci-TSENS,West Virginia,22.7,0.96,32.65,52.73,81.82
SigSci-TSENS,Wisconsin,31.19,0.91,47.81,53.64,90
SigSci-TSENS,Wyoming,11,1.03,15.02,42.73,68.18
Stevens-GBR,Alabama,31.19,0.8,42.99,25.47,75.47
Stevens-GBR,Alaska,4.21,0.98,6,30.19,84.91
Stevens-GBR,Arizona,128.14,0.89,150.52,25.47,65.09
Stevens-GBR,Arkansas,38.71,1.12,54.91,28.3,82.08
Stevens-GBR,California,163.6,0.84,186.5,22.64,58.49
Stevens-GBR,Colorado,36.36,1,50.81,18.87,86.79
Stevens-GBR,Connecticut,26.82,1.04,37.84,26.42,82.08
Stevens-GBR,Delaware,6.04,0.9,8.8,32.08,80.19
Stevens-GBR,District of Columbia,6.31,0.8,9.73,38.68,78.3
Stevens-GBR,Florida,245.03,1.88,262.51,15.09,31.13
Stevens-GBR,Georgia,129.37,1.08,154.64,18.87,58.49
Stevens-GBR,Hawaii,5.26,1.08,7.63,23.58,88.68
Stevens-GBR,Idaho,18.33,0.91,27.52,26.42,82.08
Stevens-GBR,Illinois,57.86,0.96,75.38,28.3,76.42
Stevens-GBR,Indiana,41.15,0.81,62.29,26.42,83.96
Stevens-GBR,Iowa,19.26,0.92,28.58,23.58,87.74
Stevens-GBR,Kansas,23.13,1,34.62,25.47,78.3
Stevens-GBR,Kentucky,45.52,1.23,63.32,25.47,79.25
Stevens-GBR,Louisiana,30.6,0.72,41.09,21.7,78.3
Stevens-GBR,Maine,8.8,0.88,13.21,39.62,87.74
Stevens-GBR,Maryland,37.46,0.86,53.98,20.75,79.25
Stevens-GBR,Massachusetts,82.51,1.17,106.91,23.47,58.16
Stevens-GBR,Michigan,123.33,1.12,151.51,18.87,49.06
Stevens-GBR,Minnesota,25,1.12,39.65,22.64,88.68
Stevens-GBR,Mississippi,29.3,0.87,42.47,18.87,82.08
Stevens-GBR,Missouri,58.13,1.01,79.67,20.75,73.58
Stevens-GBR,Montana,12.85,0.74,19.41,23.58,68.87
Stevens-GBR,Nebraska,14.82,1.39,23.71,21.7,82.08
Stevens-GBR,Nevada,15.25,0.81,21.96,26.42,93.4
Stevens-GBR,New Hampshire,7.96,1.06,12.36,19.81,83.02
Stevens-GBR,New Jersey,99.26,1.15,117.94,13.21,61.32
Stevens-GBR,New Mexico,23.47,0.78,32.98,18.87,81.13
Stevens-GBR,New York,201.92,1.39,237.86,13.21,34.91
Stevens-GBR,North Carolina,88.56,0.7,107.85,14.15,62.26
Stevens-GBR,North Dakota,5.57,0.9,7.93,33.96,83.96
Stevens-GBR,Ohio,103.74,1.16,130.57,19.81,50.94
Stevens-GBR,Oklahoma,36.94,0.74,50.24,29.25,79.25
Stevens-GBR,Oregon,18.33,1.04,28.54,22.64,84.91
Stevens-GBR,Pennsylvania,115.62,1.04,143.88,21.7,50.94
Stevens-GBR,Puerto Rico,14.88,1.14,19.68,23.58,95.28
Stevens-GBR,Rhode Island,4.58,0.71,7.04,32.08,84.91
Stevens-GBR,South Carolina,55.38,0.76,69.08,11.32,74.53
Stevens-GBR,South Dakota,10.25,1.18,17.4,27.36,74.53
Stevens-GBR,Tennessee,55.13,0.96,69.17,21.7,77.36
Stevens-GBR,Texas,215.37,1.22,241.92,32.08,52.83
Stevens-GBR,Utah,9.5,1.06,14.63,25.47,79.25
Stevens-GBR,Vermont,3.73,1,5.97,33.96,90.57
Stevens-GBR,Virginia,72.79,0.96,92.71,24.53,73.58
Stevens-GBR,Washington,17.09,0.74,25.85,30.19,89.62
Stevens-GBR,West Virginia,26.75,1.09,39.46,22.64,79.25
Stevens-GBR,Wisconsin,34.97,0.97,53.11,22.64,86.79
Stevens-GBR,Wyoming,8.54,0.77,12.68,30.19,72.64
UGA_flucast-Copycat,Alabama,34.86,0.81,49.8,41.49,78.72
UGA_flucast-Copycat,Alaska,4.26,1.12,6.29,38.3,85.11
UGA_flucast-Copycat,Arizona,122.98,0.81,173.56,44.68,71.28
UGA_flucast-Copycat,Arkansas,33.62,0.91,50.98,39.36,82.98
UGA_flucast-Copycat,California,157.11,0.73,236.81,48.94,87.23
UGA_flucast-Copycat,Colorado,34.81,0.89,51.04,37.23,85.11
UGA_flucast-Copycat,Connecticut,25.38,0.93,38.65,40.43,84.04
UGA_flucast-Copycat,Delaware,6.91,1.06,10.12,43.62,82.98
UGA_flucast-Copycat,District of Columbia,7.1,0.84,9.72,50,81.91
UGA_flucast-Copycat,Florida,164.82,1.23,237.47,46.81,87.23
UGA_flucast-Copycat,Georgia,90.51,0.69,114.9,54.26,80.85
UGA_flucast-Copycat,Hawaii,6.64,1.3,9.84,29.79,81.91
UGA_flucast-Copycat,Idaho,16.2,0.76,23.05,37.23,85.11
UGA_flucast-Copycat,Illinois,58.89,0.89,82.1,46.81,88.3
UGA_flucast-Copycat,Indiana,46.07,0.85,70.49,44.68,95.74
UGA_flucast-Copycat,Iowa,21.72,1.05,31.35,35.11,77.66
UGA_flucast-Copycat,Kansas,26.86,1.12,34.24,41.49,69.15
UGA_flucast-Copycat,Kentucky,36.72,0.91,53.87,40.43,85.11
UGA_flucast-Copycat,Louisiana,37.02,0.8,53.55,44.68,80.85
UGA_flucast-Copycat,Maine,11.22,1.13,16.04,47.87,77.66
UGA_flucast-Copycat,Maryland,38.04,0.8,55.74,35.11,79.79
UGA_flucast-Copycat,Massachusetts,77.18,0.95,105.37,41.11,80
UGA_flucast-Copycat,Michigan,108.5,0.92,154.87,35.11,74.47
UGA_flucast-Copycat,Minnesota,26.24,1.13,38.03,39.36,80.85
UGA_flucast-Copycat,Mississippi,29.25,0.79,40.48,52.13,85.11
UGA_flucast-Copycat,Missouri,57.05,0.89,86.35,35.11,84.04
UGA_flucast-Copycat,Montana,17.07,0.93,23.81,34.04,68.09
UGA_flucast-Copycat,Nebraska,12.87,1.14,18.12,42.55,79.79
UGA_flucast-Copycat,Nevada,15.42,0.76,22.26,52.13,85.11
UGA_flucast-Copycat,New Hampshire,7.83,1,10.68,42.55,80.85
UGA_flucast-Copycat,New Jersey,72.08,0.77,101.38,35.11,81.91
UGA_flucast-Copycat,New Mexico,24.92,0.74,35.26,37.23,85.11
UGA_flucast-Copycat,New York,139.46,0.89,209.26,38.3,86.17
UGA_flucast-Copycat,North Carolina,99.26,0.72,138.11,37.23,78.72
UGA_flucast-Copycat,North Dakota,7.11,1.11,9.64,48.94,81.91
UGA_flucast-Copycat,Ohio,96.43,1,144.8,32.98,79.79
UGA_flucast-Copycat,Oklahoma,39.84,0.74,62.7,26.6,89.36
UGA_flucast-Copycat,Oregon,16.64,0.86,24.11,32.98,88.3
UGA_flucast-Copycat,Pennsylvania,93.57,0.75,137.98,45.74,91.49
UGA_flucast-Copycat,Puerto Rico,14.82,1.37,21.44,53.19,86.17
UGA_flucast-Copycat,Rhode Island,5.96,0.86,8.22,54.26,81.91
UGA_flucast-Copycat,South Carolina,56.82,0.69,78.73,48.94,78.72
UGA_flucast-Copycat,South Dakota,9.45,1.08,13.6,30.85,72.34
UGA_flucast-Copycat,Tennessee,42.23,0.66,64.1,52.13,93.62
UGA_flucast-Copycat,Texas,149.66,0.8,225.88,46.81,88.3
UGA_flucast-Copycat,Utah,9.84,0.98,13.38,36.17,77.66
UGA_flucast-Copycat,Vermont,3.81,1.03,5.71,51.06,92.55
UGA_flucast-Copycat,Virginia,69.22,0.83,95.36,43.62,85.11
UGA_flucast-Copycat,Washington,18.33,0.76,28.38,45.74,90.43
UGA_flucast-Copycat,West Virginia,26.51,1.04,35.91,39.36,77.66
UGA_flucast-Copycat,Wisconsin,37.07,0.99,53.81,38.3,76.6
UGA_flucast-Copycat,Wyoming,11.41,1,17.2,38.3,76.6
UGA_flucast-INFLAenza,Alabama,27.14,0.64,41.51,56.12,92.86
UGA_flucast-INFLAenza,Alaska,5.7,1.4,8.89,48.98,97.96
UGA_flucast-INFLAenza,Arizona,91.84,0.62,137.93,46.94,86.73
UGA_flucast-INFLAenza,Arkansas,46.63,1.26,68.44,23.47,82.65
UGA_flucast-INFLAenza,California,104.9,0.52,169.46,61.22,100
UGA_flucast-INFLAenza,Colorado,28.1,0.74,44.73,45.92,92.86
UGA_flucast-INFLAenza,Connecticut,23.69,0.89,39.07,42.86,98.98
UGA_flucast-INFLAenza,Delaware,6.3,0.92,9.3,52.04,88.78
UGA_flucast-INFLAenza,District of Columbia,6.19,0.73,9.21,54.08,88.78
UGA_flucast-INFLAenza,Florida,113.84,0.82,169.7,75.51,100
UGA_flucast-INFLAenza,Georgia,85.51,0.66,121.81,43.88,88.78
UGA_flucast-INFLAenza,Hawaii,4.9,0.96,6.95,66.33,98.98
UGA_flucast-INFLAenza,Idaho,18.1,0.83,26.22,43.88,81.63
UGA_flucast-INFLAenza,Illinois,47.62,0.74,74.76,57.14,91.84
UGA_flucast-INFLAenza,Indiana,45.66,0.87,72.37,51.02,95.92
UGA_flucast-INFLAenza,Iowa,19.82,0.93,31.59,35.71,90.82
UGA_flucast-INFLAenza,Kansas,21.52,0.92,30.91,50,85.71
UGA_flucast-INFLAenza,Kentucky,43.8,1.11,64.73,35.71,85.71
UGA_flucast-INFLAenza,Louisiana,23.17,0.52,35.26,66.33,100
UGA_flucast-INFLAenza,Maine,10.32,1.05,15.5,52.04,91.84
UGA_flucast-INFLAenza,Maryland,33.41,0.71,50.06,41.84,88.78
UGA_flucast-INFLAenza,Massachusetts,70.75,0.87,105.12,44.68,90.43
UGA_flucast-INFLAenza,Michigan,94.59,0.82,144.47,38.78,85.71
UGA_flucast-INFLAenza,Minnesota,23.59,0.98,36.34,46.94,92.86
UGA_flucast-INFLAenza,Mississippi,25.41,0.72,35.26,62.24,91.84
UGA_flucast-INFLAenza,Missouri,60.11,0.97,93.78,32.65,87.76
UGA_flucast-INFLAenza,Montana,17.38,0.93,24.31,29.59,75.51
UGA_flucast-INFLAenza,Nebraska,11.9,1.05,17.9,33.67,85.71
UGA_flucast-INFLAenza,Nevada,11.73,0.59,18.28,62.24,100
UGA_flucast-INFLAenza,New Hampshire,7.2,0.92,11.05,45.92,91.84
UGA_flucast-INFLAenza,New Jersey,68.34,0.73,103.15,54.08,88.78
UGA_flucast-INFLAenza,New Mexico,24.61,0.77,34.17,46.94,84.69
UGA_flucast-INFLAenza,New York,130.59,0.82,210.14,43.88,95.92
UGA_flucast-INFLAenza,North Carolina,69.64,0.52,103.39,40.82,86.73
UGA_flucast-INFLAenza,North Dakota,6.55,1.01,9.52,56.12,85.71
UGA_flucast-INFLAenza,Ohio,98.8,1.03,153.15,30.61,86.73
UGA_flucast-INFLAenza,Oklahoma,52.7,0.98,75.9,33.67,80.61
UGA_flucast-INFLAenza,Oregon,16.16,0.86,24.18,45.92,92.86
UGA_flucast-INFLAenza,Pennsylvania,85.6,0.72,132.73,50,90.82
UGA_flucast-INFLAenza,Puerto Rico,23.69,2.01,35.64,59.18,98.98
UGA_flucast-INFLAenza,Rhode Island,5.58,0.81,8.31,56.12,90.82
UGA_flucast-INFLAenza,South Carolina,39.96,0.51,60.44,66.33,97.96
UGA_flucast-INFLAenza,South Dakota,7.94,0.89,11.62,38.78,86.73
UGA_flucast-INFLAenza,Tennessee,48.23,0.78,67.67,51.02,89.8
UGA_flucast-INFLAenza,Texas,140.8,0.78,225.5,41.84,98.98
UGA_flucast-INFLAenza,Utah,6.5,0.69,9.95,45.92,91.84
UGA_flucast-INFLAenza,Vermont,3.58,0.92,5.94,54.08,98.98
UGA_flucast-INFLAenza,Virginia,53.61,0.64,75.94,59.18,90.82
UGA_flucast-INFLAenza,Washington,17.37,0.78,27.47,60.2,96.94
UGA_flucast-INFLAenza,West Virginia,28.84,1.14,41.33,32.65,79.59
UGA_flucast-INFLAenza,Wisconsin,31.75,0.82,50.41,40.82,93.88
UGA_flucast-INFLAenza,Wyoming,8.75,0.75,13.46,34.69,82.65
UGA_flucast-OKeeffe,Alabama,9.4,0.65,14.92,66.67,100
UGA_flucast-OKeeffe,Alaska,10.49,0.96,17.5,25,100
UGA_flucast-OKeeffe,Arizona,30.52,0.74,48.33,8.33,91.67
UGA_flucast-OKeeffe,Arkansas,8.04,1.56,11.75,41.67,100
UGA_flucast-OKeeffe,California,37.67,0.58,58.83,41.67,91.67
UGA_flucast-OKeeffe,Colorado,10.53,0.69,17.08,25,91.67
UGA_flucast-OKeeffe,Connecticut,5.77,1.42,7.33,8.33,58.33
UGA_flucast-OKeeffe,Delaware,66.64,46.51,78.58,66.67,66.67
UGA_flucast-OKeeffe,District of Columbia,4.7,2.97,5.67,50,91.67
UGA_flucast-OKeeffe,Florida,92.35,0.91,144.33,41.67,91.67
UGA_flucast-OKeeffe,Georgia,21.11,0.74,33.83,33.33,91.67
UGA_flucast-OKeeffe,Hawaii,4.23,1.24,5.25,75,100
UGA_flucast-OKeeffe,Idaho,3.7,2.12,3.33,100,100
UGA_flucast-OKeeffe,Illinois,10.96,0.86,17.5,33.33,91.67
UGA_flucast-OKeeffe,Indiana,20.56,1.33,24.5,33.33,33.33
UGA_flucast-OKeeffe,Iowa,29,6.91,39.67,33.33,83.33
UGA_flucast-OKeeffe,Kansas,14.82,4.18,22.17,8.33,83.33
UGA_flucast-OKeeffe,Kentucky,4.33,0.69,3.75,100,100
UGA_flucast-OKeeffe,Louisiana,14.26,0.62,23.33,25,91.67
UGA_flucast-OKeeffe,Maine,54.65,21.65,68.33,33.33,41.67
UGA_flucast-OKeeffe,Maryland,7.1,1.17,11.08,8.33,83.33
UGA_flucast-OKeeffe,Massachusetts,13.11,1.61,18.42,41.67,66.67
UGA_flucast-OKeeffe,Michigan,6.42,0.64,9.58,66.67,100
UGA_flucast-OKeeffe,Minnesota,12.45,3.81,17.83,0,91.67
UGA_flucast-OKeeffe,Mississippi,11.32,1.13,18.42,25,100
UGA_flucast-OKeeffe,Missouri,5.37,0.57,6.83,75,100
UGA_flucast-OKeeffe,Montana,6.03,3.33,4.67,100,100
UGA_flucast-OKeeffe,Nebraska,4.39,1.81,5.42,66.67,100
UGA_flucast-OKeeffe,Nevada,5.99,1.05,8.17,66.67,100
UGA_flucast-OKeeffe,New Hampshire,3.69,4.42,2.33,75,100
UGA_flucast-OKeeffe,New Jersey,19.86,1.55,27.42,8.33,50
UGA_flucast-OKeeffe,New Mexico,2.82,0.8,4.42,50,100
UGA_flucast-OKeeffe,New York,31.51,1.68,38.58,41.67,66.67
UGA_flucast-OKeeffe,North Carolina,23.78,1.23,36.92,8.33,91.67
UGA_flucast-OKeeffe,North Dakota,7.63,5.02,7.83,75,100
UGA_flucast-OKeeffe,Ohio,7.34,0.94,10.58,66.67,100
UGA_flucast-OKeeffe,Oklahoma,13.64,1.33,21.83,33.33,91.67
UGA_flucast-OKeeffe,Oregon,2.94,0.93,5,58.33,100
UGA_flucast-OKeeffe,Pennsylvania,10.84,0.71,15.33,75,100
UGA_flucast-OKeeffe,Rhode Island,2.15,3.29,1.75,83.33,100
UGA_flucast-OKeeffe,South Carolina,12.75,0.93,21.25,25,83.33
UGA_flucast-OKeeffe,South Dakota,8.09,8.58,9.17,100,100
UGA_flucast-OKeeffe,Tennessee,7.53,0.64,13.25,41.67,100
UGA_flucast-OKeeffe,Texas,89.7,0.8,127.08,33.33,50
UGA_flucast-OKeeffe,Utah,2.22,0.93,2.67,83.33,100
UGA_flucast-OKeeffe,Vermont,5.97,6.52,7,83.33,100
UGA_flucast-OKeeffe,Virginia,14.78,0.88,22.5,58.33,100
UGA_flucast-OKeeffe,Washington,30.47,1.53,44.83,16.67,25
UGA_flucast-OKeeffe,West Virginia,9.98,2.77,16.67,91.67,100
UGA_flucast-OKeeffe,Wisconsin,24.1,4.27,27.58,66.67,83.33
UGA_flucast-OKeeffe,Wyoming,7.51,3.04,8.83,83.33,100
UGuelph-CompositeCurve,Alabama,64.46,1.66,79.07,50,78.43
UGuelph-CompositeCurve,Alaska,4.89,1.31,6.59,51.96,91.18
UGuelph-CompositeCurve,Arizona,200.71,1.39,249.22,35.29,73.53
UGuelph-CompositeCurve,Arkansas,41.03,1.22,62.17,37.25,83.33
UGuelph-CompositeCurve,California,158.92,0.8,244.03,57.84,89.22
UGuelph-CompositeCurve,Colorado,82.95,2.16,117.69,27.45,77.45
UGuelph-CompositeCurve,Connecticut,49.39,1.78,75.3,27.45,79.41
UGuelph-CompositeCurve,Delaware,8.11,1.25,12.93,37.25,88.24
UGuelph-CompositeCurve,District of Columbia,12.39,1.51,16.7,39.22,75.49
UGuelph-CompositeCurve,Florida,264.5,1.98,401.33,42.86,91.84
UGuelph-CompositeCurve,Georgia,117.37,0.96,157.62,37.25,79.41
UGuelph-CompositeCurve,Hawaii,7.11,1.42,9.63,51.02,79.59
UGuelph-CompositeCurve,Idaho,25.16,1.15,36.77,38.24,85.29
UGuelph-CompositeCurve,Illinois,106.01,1.69,152.39,18.63,73.53
UGuelph-CompositeCurve,Indiana,104.11,1.97,155.01,28.43,82.35
UGuelph-CompositeCurve,Iowa,33.78,1.54,47.02,39.22,79.41
UGuelph-CompositeCurve,Kansas,62.72,2.47,77.16,24.51,67.65
UGuelph-CompositeCurve,Kentucky,80.65,2,114.37,39.22,79.41
UGuelph-CompositeCurve,Louisiana,58.83,1.38,72.64,53.92,85.29
UGuelph-CompositeCurve,Maine,16.35,1.58,22.84,31.37,75.49
UGuelph-CompositeCurve,Maryland,52.99,1.1,74.21,39.22,82.35
UGuelph-CompositeCurve,Massachusetts,100.27,1.27,137.39,29.59,79.59
UGuelph-CompositeCurve,Michigan,492.88,3.67,542.17,44.12,77.45
UGuelph-CompositeCurve,Minnesota,57.21,2.38,75.64,27.45,68.63
UGuelph-CompositeCurve,Mississippi,35.07,0.99,48.81,47.06,95.1
UGuelph-CompositeCurve,Missouri,91.33,1.6,134.65,30.39,75.49
UGuelph-CompositeCurve,Montana,14.4,0.8,21.15,37.25,81.37
UGuelph-CompositeCurve,Nebraska,45.01,4.02,62.59,37.25,80.39
UGuelph-CompositeCurve,Nevada,25.79,1.33,37.96,48.04,91.18
UGuelph-CompositeCurve,New Hampshire,11.44,1.4,17.73,34.31,85.29
UGuelph-CompositeCurve,New Jersey,113.99,1.3,154.34,23.53,70.59
UGuelph-CompositeCurve,New Mexico,31.71,0.99,47.8,41.18,89.22
UGuelph-CompositeCurve,New York,230.69,1.46,292.72,41.18,78.43
UGuelph-CompositeCurve,North Carolina,119.08,0.96,149.64,51.96,80.39
UGuelph-CompositeCurve,North Dakota,9.24,1.42,13.14,41.18,89.22
UGuelph-CompositeCurve,Ohio,146.87,1.5,202.96,33.33,76.47
UGuelph-CompositeCurve,Oklahoma,122.48,2.17,160.86,39.22,85.29
UGuelph-CompositeCurve,Oregon,30.87,1.63,44.3,30.39,81.37
UGuelph-CompositeCurve,Pennsylvania,133.98,1.14,218.63,28.43,92.16
UGuelph-CompositeCurve,Puerto Rico,44.34,4.1,54.18,40.82,73.47
UGuelph-CompositeCurve,Rhode Island,5.8,0.83,8.79,50.98,89.22
UGuelph-CompositeCurve,South Carolina,57.93,0.78,82.46,42.16,83.33
UGuelph-CompositeCurve,South Dakota,10.57,1.16,17.62,43.14,89.22
UGuelph-CompositeCurve,Tennessee,70.24,1.27,101.55,42.16,91.18
UGuelph-CompositeCurve,Texas,355.64,2.06,531.66,37.25,93.14
UGuelph-CompositeCurve,Utah,13.56,1.49,16.72,52.94,77.45
UGuelph-CompositeCurve,Vermont,6.18,1.5,8.89,46.08,81.37
UGuelph-CompositeCurve,Virginia,79.96,1.08,110.5,45.1,95.1
UGuelph-CompositeCurve,Washington,50.61,2.19,69.76,51.96,95.1
UGuelph-CompositeCurve,West Virginia,31.29,1.25,47.32,29.41,76.47
UGuelph-CompositeCurve,Wisconsin,62.52,1.61,89.55,30.39,80.39
UGuelph-CompositeCurve,Wyoming,13.79,1.23,16.47,43.14,74.51
UM-DeepOutbreak,Alabama,38.97,1.01,47.04,63.21,82.08
UM-DeepOutbreak,Alaska,5.59,1.3,6.73,70,83.64
UM-DeepOutbreak,Arizona,116.36,0.87,130.31,65.45,76.36
UM-DeepOutbreak,Arkansas,29.91,0.87,40.12,68.18,86.36
UM-DeepOutbreak,California,202.98,1.09,229.03,70,78.18
UM-DeepOutbreak,Colorado,34.75,1.01,44.62,72.55,83.33
UM-DeepOutbreak,Connecticut,30.32,1.2,41.3,55.45,80
UM-DeepOutbreak,Delaware,7.65,1.18,9.92,51.82,78.18
UM-DeepOutbreak,District of Columbia,6.85,0.85,7.77,63.21,85.85
UM-DeepOutbreak,Florida,103.59,0.85,127.03,71.7,83.02
UM-DeepOutbreak,Georgia,113.29,0.99,106.93,62.75,73.53
UM-DeepOutbreak,Hawaii,4.97,1.03,7.33,56.36,81.82
UM-DeepOutbreak,Idaho,21.46,1.1,26.62,55.45,83.64
UM-DeepOutbreak,Illinois,63.47,1.05,75.64,63.64,79.09
UM-DeepOutbreak,Indiana,52.82,1.03,68.75,64.55,83.64
UM-DeepOutbreak,Iowa,22.63,1.1,30.89,44.55,70
UM-DeepOutbreak,Kansas,23.31,1.04,31.22,60.91,72.73
UM-DeepOutbreak,Kentucky,43.73,1.18,58.05,58.18,82.73
UM-DeepOutbreak,Louisiana,34.73,0.82,37.7,68.18,76.36
UM-DeepOutbreak,Maine,12.17,1.21,17.87,52.73,89.09
UM-DeepOutbreak,Maryland,37.93,0.9,47.57,60.91,80
UM-DeepOutbreak,Massachusetts,70.91,0.98,95.76,60.38,75.47
UM-DeepOutbreak,Michigan,104.92,0.99,151.88,54.55,75.45
UM-DeepOutbreak,Minnesota,23.81,1.09,30.2,61.82,80.91
UM-DeepOutbreak,Mississippi,31.11,0.93,34.9,60,85.45
UM-DeepOutbreak,Missouri,58.16,1.04,81.68,43.64,72.73
UM-DeepOutbreak,Montana,16.86,0.99,21.81,50,71.7
UM-DeepOutbreak,Nebraska,12.16,1.18,17.12,50.91,86.36
UM-DeepOutbreak,Nevada,24.08,1.26,31.09,63.64,76.36
UM-DeepOutbreak,New Hampshire,9.48,1.35,12.69,55.45,82.73
UM-DeepOutbreak,New Jersey,76.97,0.92,97.06,59.09,77.27
UM-DeepOutbreak,New Mexico,31.43,1.08,37.32,64.55,76.36
UM-DeepOutbreak,New York,130.7,0.91,161.21,64.55,81.82
UM-DeepOutbreak,North Carolina,92.32,0.88,99.85,64.15,75.47
UM-DeepOutbreak,North Dakota,6.24,1.06,8.44,58.18,77.27
UM-DeepOutbreak,Ohio,94.79,1.12,133.62,48.18,67.27
UM-DeepOutbreak,Oklahoma,50.79,1.03,72.12,52.73,75.45
UM-DeepOutbreak,Oregon,25.69,1.48,32.1,59.09,80
UM-DeepOutbreak,Pennsylvania,128.34,1.16,152.31,51.89,68.87
UM-DeepOutbreak,Puerto Rico,14.46,1.18,16.01,76.36,93.64
UM-DeepOutbreak,Rhode Island,6.45,1.05,8.44,51.82,74.55
UM-DeepOutbreak,South Carolina,56.06,0.91,58.37,67.92,81.13
UM-DeepOutbreak,South Dakota,8.47,1.01,11.28,45.45,86.36
UM-DeepOutbreak,Tennessee,53.57,0.96,59.77,65.45,80.91
UM-DeepOutbreak,Texas,142.46,0.82,184.36,69.09,84.55
UM-DeepOutbreak,Utah,8.72,1,10.26,60.91,81.82
UM-DeepOutbreak,Vermont,4.1,1.13,6.14,47.27,75.45
UM-DeepOutbreak,Virginia,63.69,0.98,66.41,60.38,78.3
UM-DeepOutbreak,Washington,37.36,1.57,46.42,54.55,79.09
UM-DeepOutbreak,West Virginia,25.36,1.09,34.01,50,80
UM-DeepOutbreak,Wisconsin,38.48,1.09,46.4,60.91,79.09
UM-DeepOutbreak,Wyoming,10.25,0.97,14.71,69.09,75.45
UMass-flusion,Alabama,23.26,0.6,36.49,63.64,100
UMass-flusion,Alaska,4.14,0.96,6.45,56.36,98.18
UMass-flusion,Arizona,60.7,0.44,92.13,59.09,95.45
UMass-flusion,Arkansas,24.09,0.73,37.79,53.64,96.36
UMass-flusion,California,82.98,0.44,125.23,76.36,100
UMass-flusion,Colorado,21.91,0.62,33.57,54.55,100
UMass-flusion,Connecticut,19.81,0.8,29.46,56.36,97.27
UMass-flusion,Delaware,5.35,0.82,8.43,58.18,96.36
UMass-flusion,District of Columbia,5.42,0.69,8.59,43.64,89.09
UMass-flusion,Florida,78.64,0.61,117.8,73.64,99.09
UMass-flusion,Georgia,64.29,0.56,83.84,58.18,88.18
UMass-flusion,Hawaii,4.53,0.93,6.9,56.36,93.64
UMass-flusion,Idaho,12.05,0.63,19.64,64.55,99.09
UMass-flusion,Illinois,37.89,0.65,57.29,67.27,100
UMass-flusion,Indiana,32.53,0.64,48.75,72.73,100
UMass-flusion,Iowa,16.33,0.79,24.68,58.18,96.36
UMass-flusion,Kansas,17.96,0.8,26.86,58.18,90.91
UMass-flusion,Kentucky,27.71,0.78,44.9,48.18,99.09
UMass-flusion,Louisiana,23.17,0.54,36.97,61.82,98.18
UMass-flusion,Maine,8.33,0.85,12.81,59.09,96.36
UMass-flusion,Maryland,25.65,0.6,40.24,50,93.64
UMass-flusion,Massachusetts,46.94,0.7,71.28,54.9,95.1
UMass-flusion,Michigan,74.41,0.71,112.66,54.55,91.82
UMass-flusion,Minnesota,16.24,0.76,24.6,63.64,100
UMass-flusion,Mississippi,18.88,0.57,29.87,62.73,98.18
UMass-flusion,Missouri,39.94,0.72,58.25,63.64,95.45
UMass-flusion,Montana,10.01,0.6,16.02,40.91,93.64
UMass-flusion,Nebraska,10.45,1.01,17.01,49.09,96.36
UMass-flusion,Nevada,11.24,0.6,16.53,78.18,99.09
UMass-flusion,New Hampshire,5.76,0.81,8.8,62.73,98.18
UMass-flusion,New Jersey,46.83,0.57,75.01,50,100
UMass-flusion,New Mexico,15.48,0.53,25.65,53.64,100
UMass-flusion,New York,78.27,0.57,122.63,49.09,100
UMass-flusion,North Carolina,58.47,0.49,89.29,51.82,91.82
UMass-flusion,North Dakota,4.58,0.77,6.68,67.27,98.18
UMass-flusion,Ohio,61.42,0.72,96.88,46.36,99.09
UMass-flusion,Oklahoma,31.75,0.65,51.51,63.64,97.27
UMass-flusion,Oregon,14.22,0.84,22.38,52.73,100
UMass-flusion,Pennsylvania,70.57,0.65,113.06,52.73,98.18
UMass-flusion,Puerto Rico,10.75,0.87,16.35,59.09,99.09
UMass-flusion,Rhode Island,4.69,0.76,7.13,58.18,93.64
UMass-flusion,South Carolina,34.32,0.48,52.22,64.55,91.82
UMass-flusion,South Dakota,7.03,0.85,11.24,50,97.27
UMass-flusion,Tennessee,32.05,0.58,50.36,66.36,98.18
UMass-flusion,Texas,111.99,0.64,180.84,60.91,100
UMass-flusion,Utah,6.31,0.73,10.11,60,97.27
UMass-flusion,Vermont,3.04,0.84,4.31,64.55,97.27
UMass-flusion,Virginia,48.42,0.66,74.54,51.82,90.91
UMass-flusion,Washington,20.58,0.88,31.19,69.09,98.18
UMass-flusion,West Virginia,18.13,0.76,27.58,59.09,96.36
UMass-flusion,Wisconsin,23.47,0.68,35.04,64.55,97.27
UMass-flusion,Wyoming,8.01,0.76,12.7,38.18,90.91
UMass-trends_ensemble,Alabama,32.36,0.84,50.97,65.45,95.45
UMass-trends_ensemble,Alaska,5.01,1.17,7.46,71.82,98.18
UMass-trends_ensemble,Arizona,104.44,0.77,164.3,48.18,85.45
UMass-trends_ensemble,Arkansas,34.65,1.02,48.6,67.27,81.82
UMass-trends_ensemble,California,163.04,0.87,239.01,50,80
UMass-trends_ensemble,Colorado,30.34,0.87,46.33,69.09,96.36
UMass-trends_ensemble,Connecticut,26.16,1.05,39.66,60.91,100
UMass-trends_ensemble,Delaware,7.15,1.08,9.58,73.64,90.91
UMass-trends_ensemble,District of Columbia,7.48,0.95,10.96,64.55,95.45
UMass-trends_ensemble,Florida,97.85,0.76,157.64,61.82,95.45
UMass-trends_ensemble,Georgia,91.16,0.8,128.58,70,89.09
UMass-trends_ensemble,Hawaii,5.92,1.22,7.89,75.45,98.18
UMass-trends_ensemble,Idaho,18.33,0.93,27,64.55,92.73
UMass-trends_ensemble,Illinois,57.09,0.96,88.81,53.64,90
UMass-trends_ensemble,Indiana,49.01,0.96,79.12,59.09,95.45
UMass-trends_ensemble,Iowa,20.07,0.97,30.63,60,98.18
UMass-trends_ensemble,Kansas,21.29,0.93,33.36,60,95.45
UMass-trends_ensemble,Kentucky,35.62,0.97,55.71,61.82,93.64
UMass-trends_ensemble,Louisiana,33.88,0.79,53.47,70.91,98.18
UMass-trends_ensemble,Maine,10.55,1.04,16.41,63.64,99.09
UMass-trends_ensemble,Maryland,40.88,0.95,64.49,41.82,89.09
UMass-trends_ensemble,Massachusetts,61.39,0.9,99.05,51.96,93.14
UMass-trends_ensemble,Michigan,95.59,0.88,158.35,42.73,93.64
UMass-trends_ensemble,Minnesota,20.53,0.95,32.51,61.82,97.27
UMass-trends_ensemble,Mississippi,30.47,0.92,46.15,71.82,90
UMass-trends_ensemble,Missouri,55.23,0.99,85.48,50,88.18
UMass-trends_ensemble,Montana,14.06,0.85,21.89,63.64,91.82
UMass-trends_ensemble,Nebraska,11.16,1.07,16.67,58.18,92.73
UMass-trends_ensemble,Nevada,17.43,0.94,26.38,68.18,94.55
UMass-trends_ensemble,New Hampshire,7.91,1.09,11.34,70.91,91.82
UMass-trends_ensemble,New Jersey,78.55,0.94,117.41,47.27,83.64
UMass-trends_ensemble,New Mexico,29.02,0.99,43.08,55.45,89.09
UMass-trends_ensemble,New York,138.98,0.99,201.59,41.82,81.82
UMass-trends_ensemble,North Carolina,97.72,0.8,152.13,54.55,87.27
UMass-trends_ensemble,North Dakota,6.66,1.11,9.37,72.73,96.36
UMass-trends_ensemble,Ohio,84.04,0.97,126.18,42.73,74.55
UMass-trends_ensemble,Oklahoma,44.14,0.89,70.72,60,88.18
UMass-trends_ensemble,Oregon,18.28,1.06,25.25,75.45,95.45
UMass-trends_ensemble,Pennsylvania,107.26,0.98,167.56,56.36,90.91
UMass-trends_ensemble,Puerto Rico,16.07,1.31,19.3,90,100
UMass-trends_ensemble,Rhode Island,6.74,1.07,9.58,78.18,96.36
UMass-trends_ensemble,South Carolina,60.06,0.83,90.74,61.82,87.27
UMass-trends_ensemble,South Dakota,9.05,1.07,13.41,66.36,97.27
UMass-trends_ensemble,Tennessee,51.34,0.91,77.9,64.55,92.73
UMass-trends_ensemble,Texas,150.36,0.87,241.2,49.09,90
UMass-trends_ensemble,Utah,9.02,1.04,13.22,74.55,95.45
UMass-trends_ensemble,Vermont,4.33,1.18,6.17,75.45,98.18
UMass-trends_ensemble,Virginia,70.98,0.96,102.45,57.27,86.36
UMass-trends_ensemble,Washington,22.12,0.96,34.45,60,95.45
UMass-trends_ensemble,West Virginia,25.76,1.08,37.4,55.45,89.09
UMass-trends_ensemble,Wisconsin,33.34,0.95,52.5,52.73,91.82
UMass-trends_ensemble,Wyoming,10.27,0.98,15.74,67.27,97.27
UNC_IDD-InfluPaint,Alabama,41.73,0.95,60.86,45.35,86.05
UNC_IDD-InfluPaint,Alaska,5.6,1.68,8.99,33.72,90.7
UNC_IDD-InfluPaint,Arizona,131.67,0.86,201.62,20.93,76.74
UNC_IDD-InfluPaint,Arkansas,39.6,0.97,61.9,27.91,86.05
UNC_IDD-InfluPaint,California,157.33,0.76,249.83,33.72,84.88
UNC_IDD-InfluPaint,Colorado,46.06,1.19,70.42,31.4,81.4
UNC_IDD-InfluPaint,Connecticut,57.2,1.93,85.19,11.63,62.79
UNC_IDD-InfluPaint,Delaware,17.17,2.45,24.7,38.37,79.07
UNC_IDD-InfluPaint,District of Columbia,11.07,1.24,16.03,41.86,75.58
UNC_IDD-InfluPaint,Florida,188.52,1.36,271.49,23.26,74.42
UNC_IDD-InfluPaint,Georgia,117.11,0.87,168.48,30.23,69.77
UNC_IDD-InfluPaint,Hawaii,8.06,1.59,12.68,31.4,89.53
UNC_IDD-InfluPaint,Idaho,40.52,1.81,55.56,19.77,65.12
UNC_IDD-InfluPaint,Illinois,105.76,1.54,147.81,22.09,60.47
UNC_IDD-InfluPaint,Indiana,85.53,1.46,122.7,25.58,67.44
UNC_IDD-InfluPaint,Iowa,35.29,1.54,51.73,20.93,68.6
UNC_IDD-InfluPaint,Kansas,36.28,1.4,49.83,19.77,63.95
UNC_IDD-InfluPaint,Kentucky,62.78,1.4,92,23.26,65.12
UNC_IDD-InfluPaint,Louisiana,58.26,1.21,80.28,32.56,68.6
UNC_IDD-InfluPaint,Maine,17.17,1.6,25.74,23.26,74.42
UNC_IDD-InfluPaint,Maryland,63.71,1.26,88.01,20.93,69.77
UNC_IDD-InfluPaint,Massachusetts,110.77,1.28,150.85,18.29,58.54
UNC_IDD-InfluPaint,Michigan,163.64,1.26,217.19,8.14,41.86
UNC_IDD-InfluPaint,Minnesota,33.4,1.35,47.52,34.88,70.93
UNC_IDD-InfluPaint,Mississippi,34.67,0.92,50.16,31.4,76.74
UNC_IDD-InfluPaint,Missouri,77.4,1.15,101.69,22.09,60.47
UNC_IDD-InfluPaint,Montana,21.27,1.15,29.49,25.58,82.56
UNC_IDD-InfluPaint,Nebraska,17.32,1.42,25.08,27.91,69.77
UNC_IDD-InfluPaint,Nevada,22.45,1.03,31.33,41.86,77.91
UNC_IDD-InfluPaint,New Hampshire,11.63,1.45,16.98,36.05,79.07
UNC_IDD-InfluPaint,New Jersey,98.97,1.04,137.52,15.12,55.81
UNC_IDD-InfluPaint,New Mexico,32.07,0.95,44.98,32.56,68.6
UNC_IDD-InfluPaint,New York,151.07,0.98,211.8,17.44,54.65
UNC_IDD-InfluPaint,North Carolina,117.87,0.84,160.83,18.6,58.14
UNC_IDD-InfluPaint,North Dakota,9.56,1.48,13.76,40.7,88.37
UNC_IDD-InfluPaint,Ohio,128.03,1.23,170.87,13.95,46.51
UNC_IDD-InfluPaint,Oklahoma,58.39,0.98,78.76,32.56,69.77
UNC_IDD-InfluPaint,Oregon,35.77,1.73,50.14,36.05,79.07
UNC_IDD-InfluPaint,Pennsylvania,151.85,1.18,206.44,17.44,47.67
UNC_IDD-InfluPaint,Rhode Island,10.83,1.46,16.38,31.4,79.07
UNC_IDD-InfluPaint,South Carolina,83.61,1,111.47,29.07,65.12
UNC_IDD-InfluPaint,South Dakota,13.62,1.45,19.73,33.72,74.42
UNC_IDD-InfluPaint,Tennessee,71.58,1.08,102,33.72,75.58
UNC_IDD-InfluPaint,Texas,146.35,0.76,216.28,26.74,76.74
UNC_IDD-InfluPaint,Utah,10.93,1.08,15.79,55.81,86.05
UNC_IDD-InfluPaint,Vermont,4.27,1.05,6.44,58.14,97.67
UNC_IDD-InfluPaint,Virginia,100.3,1.16,137.13,16.28,54.65
UNC_IDD-InfluPaint,Washington,28.87,1.17,41.24,36.05,77.91
UNC_IDD-InfluPaint,West Virginia,30.87,1.12,44.13,29.07,70.93
UNC_IDD-InfluPaint,Wisconsin,44.17,1.13,62.02,32.56,72.09
UNC_IDD-InfluPaint,Wyoming,10.36,0.88,15.4,31.4,79.07
UVAFluX-Ensemble,Alabama,38.76,0.99,53.33,43.52,71.3
UVAFluX-Ensemble,Alaska,5.48,1.2,7.67,54.63,81.48
UVAFluX-Ensemble,Arizona,123.19,0.89,176.79,42.59,71.3
UVAFluX-Ensemble,Arkansas,34.54,0.99,48.88,37.04,76.85
UVAFluX-Ensemble,California,175.34,0.91,240.21,56.48,83.33
UVAFluX-Ensemble,Colorado,31.08,0.88,46.07,40.74,80.56
UVAFluX-Ensemble,Connecticut,28.22,1.11,42.59,34.26,79.63
UVAFluX-Ensemble,Delaware,8.78,1.32,11.74,48.15,87.04
UVAFluX-Ensemble,District of Columbia,8.41,1.05,12.03,38.89,71.3
UVAFluX-Ensemble,Florida,116.64,0.89,161.43,50.93,74.07
UVAFluX-Ensemble,Georgia,101.59,0.87,134.01,48.15,69.44
UVAFluX-Ensemble,Hawaii,4.67,0.96,7.16,38.89,83.33
UVAFluX-Ensemble,Idaho,24.04,1.17,34.97,33.33,77.78
UVAFluX-Ensemble,Illinois,65.94,1.08,93.9,38.89,72.22
UVAFluX-Ensemble,Indiana,55.05,1.07,80.76,37.04,77.78
UVAFluX-Ensemble,Iowa,19.92,0.95,29.7,31.48,74.07
UVAFluX-Ensemble,Kansas,23.75,1.01,34.71,35.19,69.44
UVAFluX-Ensemble,Kentucky,43.15,1.15,63.2,34.26,75.93
UVAFluX-Ensemble,Louisiana,41.93,0.97,59.13,34.26,69.44
UVAFluX-Ensemble,Maine,10.47,1,16.52,41.67,84.26
UVAFluX-Ensemble,Maryland,48.27,1.1,69.74,26.85,70.37
UVAFluX-Ensemble,Massachusetts,90.51,1.2,130.26,36.54,75.96
UVAFluX-Ensemble,Michigan,117.81,1.08,175.63,26.85,74.07
UVAFluX-Ensemble,Minnesota,24.96,1.15,37.78,30.56,77.78
UVAFluX-Ensemble,Mississippi,34.37,1,49.29,42.59,80.56
UVAFluX-Ensemble,Missouri,61.57,1.07,90.32,28.7,73.15
UVAFluX-Ensemble,Montana,16.02,0.95,23.05,38.89,75.93
UVAFluX-Ensemble,Nebraska,13.12,1.24,19.5,29.63,80.56
UVAFluX-Ensemble,Nevada,21.69,1.11,30.62,38.89,73.15
UVAFluX-Ensemble,New Hampshire,8.76,1.2,12.23,42.59,83.33
UVAFluX-Ensemble,New Jersey,93.45,1.07,130.3,43.52,77.78
UVAFluX-Ensemble,New Mexico,38.49,1.24,51.45,38.89,75
UVAFluX-Ensemble,New York,149.02,1.03,210.27,40.74,81.48
UVAFluX-Ensemble,North Carolina,123.22,0.98,165.74,45.37,73.15
UVAFluX-Ensemble,North Dakota,5.77,0.95,8.42,51.85,79.63
UVAFluX-Ensemble,Ohio,89.62,1.02,132.7,37.96,69.44
UVAFluX-Ensemble,Oklahoma,49.33,0.95,69.4,42.59,84.26
UVAFluX-Ensemble,Oregon,20.38,1.16,29.33,46.3,79.63
UVAFluX-Ensemble,Pennsylvania,132.04,1.15,192.54,31.48,75
UVAFluX-Ensemble,Puerto Rico,14.81,1.16,23.14,38.89,86.11
UVAFluX-Ensemble,Rhode Island,7.08,1.1,9.93,46.3,85.19
UVAFluX-Ensemble,South Carolina,77.91,1.05,98.9,45.37,67.59
UVAFluX-Ensemble,South Dakota,10.33,1.2,14.99,38.89,74.07
UVAFluX-Ensemble,Tennessee,61.94,1.05,90.8,41.67,84.26
UVAFluX-Ensemble,Texas,191.71,1.08,280.76,38.89,75
UVAFluX-Ensemble,Utah,10.05,1.11,13.88,46.3,82.41
UVAFluX-Ensemble,Vermont,3.86,1.06,6.24,29.63,83.33
UVAFluX-Ensemble,Virginia,86.43,1.13,119.18,37.04,73.15
UVAFluX-Ensemble,Washington,24.07,1.01,36.08,42.59,80.56
UVAFluX-Ensemble,West Virginia,28.1,1.16,41.01,36.11,85.19
UVAFluX-Ensemble,Wisconsin,41.27,1.15,61.38,32.41,77.78
UVAFluX-Ensemble,Wyoming,10.21,0.95,14.15,37.96,76.85
VTSanghani-Ensemble,Alabama,41.5,1.04,54.94,15.96,52.13
VTSanghani-Ensemble,Alaska,9.05,1.93,12.36,30.85,53.19
VTSanghani-Ensemble,Arizona,154.26,1.09,194.23,20.21,40.43
VTSanghani-Ensemble,Arkansas,40.34,1.22,50.85,24.47,52.13
VTSanghani-Ensemble,California,292.55,1.48,387.36,10.64,41.49
VTSanghani-Ensemble,Colorado,39.28,1.07,54.81,20.21,47.87
VTSanghani-Ensemble,Connecticut,41.12,1.7,52.14,22.34,50
VTSanghani-Ensemble,Delaware,11.45,1.68,15.1,22.34,44.68
VTSanghani-Ensemble,District of Columbia,10.35,1.25,13.48,35.11,58.51
VTSanghani-Ensemble,Florida,172.99,1.21,222.97,21.28,47.87
VTSanghani-Ensemble,Georgia,153.7,1.23,189.3,10.64,36.17
VTSanghani-Ensemble,Hawaii,6.36,1.31,9.18,26.6,67.02
VTSanghani-Ensemble,Idaho,29.58,1.48,37.5,25.53,52.13
VTSanghani-Ensemble,Illinois,96.35,1.62,125.99,20.21,43.62
VTSanghani-Ensemble,Indiana,69.31,1.39,92.38,18.09,40.43
VTSanghani-Ensemble,Iowa,29.35,1.54,38.31,18.09,52.13
VTSanghani-Ensemble,Kansas,26.15,1.28,35.29,17.02,52.13
VTSanghani-Ensemble,Kentucky,57.9,1.63,75.43,19.15,54.26
VTSanghani-Ensemble,Louisiana,52.44,1.18,68.32,23.4,44.68
VTSanghani-Ensemble,Maine,15.93,1.79,21.32,30.85,59.57
VTSanghani-Ensemble,Maryland,51.41,1.16,65.06,17.02,46.81
VTSanghani-Ensemble,Massachusetts,92.09,1.32,114.24,16.67,40
VTSanghani-Ensemble,Michigan,143.67,1.45,176.61,12.77,30.85
VTSanghani-Ensemble,Minnesota,38.2,1.81,49.59,21.28,46.81
VTSanghani-Ensemble,Mississippi,38.93,1.11,50.55,14.89,53.19
VTSanghani-Ensemble,Missouri,79.21,1.49,99.93,14.89,42.55
VTSanghani-Ensemble,Montana,19.78,1.15,24.55,31.91,53.19
VTSanghani-Ensemble,Nebraska,18.55,1.73,23.83,21.28,51.06
VTSanghani-Ensemble,Nevada,32.04,1.73,42.1,30.85,61.7
VTSanghani-Ensemble,New Hampshire,15.2,2.23,19.55,27.66,54.26
VTSanghani-Ensemble,New Jersey,107.13,1.26,131.94,20.21,43.62
VTSanghani-Ensemble,New Mexico,43.02,1.42,52.9,34.04,57.45
VTSanghani-Ensemble,New York,195.41,1.38,250.61,7.45,38.3
VTSanghani-Ensemble,North Carolina,146.58,1.13,182.58,14.89,34.04
VTSanghani-Ensemble,North Dakota,7.94,1.31,11.1,29.79,65.96
VTSanghani-Ensemble,Ohio,117.75,1.44,142.4,19.15,39.36
VTSanghani-Ensemble,Oklahoma,50.93,1.08,67.37,24.47,59.57
VTSanghani-Ensemble,Oregon,43.31,2.56,55.9,30.85,59.57
VTSanghani-Ensemble,Pennsylvania,159.2,1.44,199.49,13.83,34.04
VTSanghani-Ensemble,Puerto Rico,29.56,2.14,36.49,27.66,48.94
VTSanghani-Ensemble,Rhode Island,9.88,1.56,12.96,19.15,50
VTSanghani-Ensemble,South Carolina,80.44,1.04,101.12,17.02,51.06
VTSanghani-Ensemble,South Dakota,12.63,1.54,16.19,23.4,54.26
VTSanghani-Ensemble,Tennessee,66.43,1.16,85.02,23.4,53.19
VTSanghani-Ensemble,Texas,189.83,1.09,255.6,15.96,43.62
VTSanghani-Ensemble,Utah,12.26,1.33,16.26,31.91,50
VTSanghani-Ensemble,Vermont,6.28,1.75,8.89,32.98,63.83
VTSanghani-Ensemble,Virginia,82.79,1.06,105.4,21.28,52.13
VTSanghani-Ensemble,Washington,46.44,1.93,61.13,26.6,58.51
VTSanghani-Ensemble,West Virginia,34.15,1.45,42.58,22.34,53.19
VTSanghani-Ensemble,Wisconsin,56.15,1.68,70.69,15.96,37.23
VTSanghani-Ensemble,Wyoming,12.46,1.16,16.54,22.34,53.19
cfarenewal-cfaepimlight,Alabama,30.75,0.8,45.38,47.27,91.82
cfarenewal-cfaepimlight,Alaska,3.62,0.84,5.6,46.36,96.36
cfarenewal-cfaepimlight,Arizona,95.53,0.7,146.32,39.09,92.73
cfarenewal-cfaepimlight,Arkansas,39.64,1.19,61.37,39.09,91.82
cfarenewal-cfaepimlight,California,157.82,0.81,246.65,39.09,96.36
cfarenewal-cfaepimlight,Colorado,40.47,1.08,62.75,40.91,92.73
cfarenewal-cfaepimlight,Connecticut,33.58,1.36,46.1,50.91,92.73
cfarenewal-cfaepimlight,Delaware,7.44,1.15,10.85,50.91,97.27
cfarenewal-cfaepimlight,District of Columbia,6.36,0.81,9.56,45.45,95.45
cfarenewal-cfaepimlight,Florida,137.44,1.08,216.45,35.45,92.73
cfarenewal-cfaepimlight,Georgia,89.73,0.79,125.45,40,81.82
cfarenewal-cfaepimlight,Hawaii,5.01,0.97,7.24,48.48,93.94
cfarenewal-cfaepimlight,Idaho,14.9,0.76,20.62,52.94,92.16
cfarenewal-cfaepimlight,Illinois,50.3,0.84,78.44,50.91,96.36
cfarenewal-cfaepimlight,Indiana,44.55,0.88,69.58,46.36,94.55
cfarenewal-cfaepimlight,Iowa,22.1,1.11,31.74,36.79,89.62
cfarenewal-cfaepimlight,Kansas,24.32,1.09,34.37,41.84,87.76
cfarenewal-cfaepimlight,Kentucky,42.9,1.18,65.87,45.45,92.73
cfarenewal-cfaepimlight,Louisiana,31.52,0.74,48.78,42.73,88.18
cfarenewal-cfaepimlight,Maine,12.99,1.34,18.06,52.73,96.36
cfarenewal-cfaepimlight,Maryland,36.34,0.85,57.39,35.45,93.64
cfarenewal-cfaepimlight,Massachusetts,70.85,1,106.22,49.06,93.4
cfarenewal-cfaepimlight,Michigan,105.37,1.03,165.95,40,93.64
cfarenewal-cfaepimlight,Minnesota,22.85,1.06,36.6,50.91,98.18
cfarenewal-cfaepimlight,Mississippi,33.28,0.99,45.48,40.91,93.64
cfarenewal-cfaepimlight,Missouri,55.81,1,88.16,34.55,93.64
cfarenewal-cfaepimlight,Montana,12.93,0.77,19.64,41.82,94.55
cfarenewal-cfaepimlight,Nebraska,12.23,1.18,18.82,52.73,97.27
cfarenewal-cfaepimlight,Nevada,12.72,0.68,18.89,60.91,90.91
cfarenewal-cfaepimlight,New Hampshire,8.68,1.22,12.42,57.27,93.64
cfarenewal-cfaepimlight,New Jersey,74.64,0.9,115.8,41.82,92.73
cfarenewal-cfaepimlight,New Mexico,18.48,0.65,27.49,50,94.55
cfarenewal-cfaepimlight,New York,139.57,1.04,200.09,50.91,95.45
cfarenewal-cfaepimlight,North Carolina,71.69,0.61,113,43.64,98.18
cfarenewal-cfaepimlight,North Dakota,7.1,1.18,11.1,45.45,94.55
cfarenewal-cfaepimlight,Ohio,100.57,1.16,153.39,38.18,92.73
cfarenewal-cfaepimlight,Oklahoma,35.05,0.71,52.95,56.6,96.23
cfarenewal-cfaepimlight,Oregon,20.43,1.17,31.59,48.11,94.34
cfarenewal-cfaepimlight,Pennsylvania,100.86,0.9,166.43,45.45,94.55
cfarenewal-cfaepimlight,Puerto Rico,16.33,1.22,21.62,52.83,97.17
cfarenewal-cfaepimlight,Rhode Island,6.89,1.08,10.67,47.17,100
cfarenewal-cfaepimlight,South Carolina,46.63,0.66,72.74,39.09,91.82
cfarenewal-cfaepimlight,South Dakota,9.13,1.08,14.6,36.79,95.28
cfarenewal-cfaepimlight,Tennessee,43.77,0.78,71.77,45.45,96.36
cfarenewal-cfaepimlight,Texas,151.62,0.87,231.19,55.45,95.45
cfarenewal-cfaepimlight,Utah,13.42,1.36,19.84,56.44,94.06
cfarenewal-cfaepimlight,Vermont,3.8,1.03,5.45,59.43,94.34
cfarenewal-cfaepimlight,Virginia,66.61,0.9,102.21,38.18,90.91
cfarenewal-cfaepimlight,Washington,24.96,1.06,34.93,39.09,90.91
cfarenewal-cfaepimlight,West Virginia,25.42,1.07,40.42,42.73,95.45
cfarenewal-cfaepimlight,Wisconsin,36.57,1.04,56.22,44.55,97.27
cfarenewal-cfaepimlight,Wyoming,10.89,1.03,16.94,42.73,92.73
fjordhest-ensemble,Alabama,33.27,0.87,49.39,53.64,91.82
fjordhest-ensemble,Alaska,4.64,1.06,7.35,42.73,90.91
fjordhest-ensemble,Arizona,82.12,0.6,129.13,42.73,88.18
fjordhest-ensemble,Arkansas,33.12,0.98,51.74,44.55,86.36
fjordhest-ensemble,California,156.3,0.84,239.12,50.91,89.09
fjordhest-ensemble,Colorado,28.73,0.81,44.06,51.82,99.09
fjordhest-ensemble,Connecticut,23.56,0.96,37.99,38.18,91.82
fjordhest-ensemble,Delaware,9.36,1.4,13.5,52.73,80.91
fjordhest-ensemble,District of Columbia,7.5,0.96,10.97,39.09,73.64
fjordhest-ensemble,Florida,96.6,0.75,151.84,57.27,99.09
fjordhest-ensemble,Georgia,83.73,0.72,117.33,50.91,84.55
fjordhest-ensemble,Hawaii,4.45,0.92,6.81,51.82,91.82
fjordhest-ensemble,Idaho,16.9,0.86,25.4,54.55,87.27
fjordhest-ensemble,Illinois,56.16,0.95,87.48,50,94.55
fjordhest-ensemble,Indiana,40.36,0.8,65.11,53.64,99.09
fjordhest-ensemble,Iowa,16.6,0.82,27.16,38.18,93.64
fjordhest-ensemble,Kansas,20.65,0.92,32.06,34.55,89.09
fjordhest-ensemble,Kentucky,40.35,1.1,64.59,42.73,94.55
fjordhest-ensemble,Louisiana,33.45,0.78,52.01,45.45,90
fjordhest-ensemble,Maine,10.02,1,15.98,44.55,93.64
fjordhest-ensemble,Maryland,44.55,1.03,69.53,33.64,87.27
fjordhest-ensemble,Massachusetts,70.21,0.95,108.93,39.62,91.51
fjordhest-ensemble,Michigan,87.69,0.83,137.31,38.18,88.18
fjordhest-ensemble,Minnesota,21.84,1.01,33.82,51.82,98.18
fjordhest-ensemble,Mississippi,29.56,0.88,44.59,50,91.82
fjordhest-ensemble,Missouri,45.55,0.81,75.5,36.36,97.27
fjordhest-ensemble,Montana,13.26,0.79,21.02,33.64,80.91
fjordhest-ensemble,Nebraska,11.87,1.14,17.85,49.09,88.18
fjordhest-ensemble,Nevada,17.08,0.91,26.6,59.09,95.45
fjordhest-ensemble,New Hampshire,8.19,1.15,12,50.91,85.45
fjordhest-ensemble,New Jersey,73.83,0.87,112.67,47.27,90
fjordhest-ensemble,New Mexico,23.66,0.8,35.78,45.45,87.27
fjordhest-ensemble,New York,107.31,0.77,172.16,41.82,99.09
fjordhest-ensemble,North Carolina,98.34,0.8,148.68,43.64,85.45
fjordhest-ensemble,North Dakota,5.91,0.99,8.8,48.18,86.36
fjordhest-ensemble,Ohio,77.33,0.9,126.02,32.73,93.64
fjordhest-ensemble,Oklahoma,31.35,0.63,51.73,50.91,95.45
fjordhest-ensemble,Oregon,20.62,1.2,29.08,63.64,93.64
fjordhest-ensemble,Pennsylvania,101.17,0.91,160.03,45.45,90
fjordhest-ensemble,Puerto Rico,13.44,1.08,21.26,57.27,96.36
fjordhest-ensemble,Rhode Island,7.65,1.22,11.22,42.73,82.73
fjordhest-ensemble,South Carolina,55.72,0.77,83.96,46.36,90
fjordhest-ensemble,South Dakota,10.07,1.21,15.07,40.91,80
fjordhest-ensemble,Tennessee,54.09,0.96,83.98,50.91,92.73
fjordhest-ensemble,Texas,140.88,0.81,228.21,55.45,99.09
fjordhest-ensemble,Utah,13.33,1.49,19.84,51.82,80
fjordhest-ensemble,Vermont,3,0.83,4.75,52.73,97.27
fjordhest-ensemble,Virginia,78.91,1.06,116.51,40,85.45
fjordhest-ensemble,Washington,24.82,1.07,38.68,51.82,96.36
fjordhest-ensemble,West Virginia,27.14,1.14,41.9,40.91,86.36
fjordhest-ensemble,Wisconsin,31.07,0.88,48.31,51.82,96.36
fjordhest-ensemble,Wyoming,8.45,0.79,12.66,43.64,79.09
